date,B000CDHZEY,B002TACI6I,B005HG9ERW,B005HG9ESG,B00COR1HHW,B00LLKWVL4,B01BR0AW2W,B01JTXE17Q,B01JTXE1AI,B01LYLM8JJ
2014-08-31,,,,,,,,,,
2014-09-03,,,,,,,,,,
2015-01-10,,,,,,,,,,
2015-01-11,,,,,,,,,,
2015-01-12,,,,,,,,,,
2015-01-13,,,,,,,,,,
2015-01-14,,,,,,,,,,
2015-01-15,,,,,,,,,,
2015-01-16,,,,,,,,,,
2015-01-17,,,,,,,,,,
2015-01-18,,,,,,,,,,
2015-01-19,,,,,,,,,,
2015-01-20,,,,,,,,,,
2015-01-21,,,,,,,,,,
2015-01-22,,,,,,,,,,
2015-01-23,,,,,,,,,,
2015-01-24,,,,,,,,,,
2015-01-25,,,,,,,,,,
2015-01-26,,,,,,,,,,
2015-01-27,,,,,,,,,,
2015-01-28,,,,,,,,,,
2015-01-29,,,,,,,,,,
2015-01-30,,,,,,,,,,
2015-01-31,,,,,,,,,,
2015-02-01,,,,,,,,,,
2015-02-02,,,,,,,,,,
2015-02-03,,,,,,,,,,
2015-02-04,,,,,,,,,,
2015-02-05,,,,,,,,,,
2015-02-06,,,,,,,,,,
2015-02-07,,,,,,,,,,
2015-02-08,,,,,,,,,,
2015-02-09,,,,,,,,,,
2015-02-10,,,,,,,,,,
2015-02-11,,,,,,,,,,
2015-02-12,,,,,,,,,,
2015-02-13,,,,,,,,,,
2015-02-14,,,,,,,,,,
2015-02-15,,,,,,,,,,
2015-02-16,,,,,,,,,,
2015-02-17,,,,,,,,,,
2015-02-18,,,,,,,,,,
2015-02-19,,,,,,,,,,
2015-02-20,,,,,,,,,,
2015-02-21,,,,,,,,,,
2015-02-22,,,,,,,,,,
2015-02-23,,,,,,,,,,
2015-02-24,,,,,,,,,,
2015-02-25,,,,,,,,,,
2015-02-26,,,,,,,,,,
2015-02-27,,,,,,,,,,
2015-02-28,,,,,,,,,,
2015-03-01,,,,,,,,,,
2015-03-02,,,,,,,,,,
2015-03-03,,,,,,,,,,
2015-03-04,,,,,,,,,,
2015-03-05,,,,,,,,,,
2015-03-06,,,,,,,,,,
2015-03-07,,,,,,,,,,
2015-03-08,,,,,,,,,,
2015-03-09,,,,,,,,,,
2015-03-10,,,,,,,,,,
2015-03-11,,,,,,,,,,
2015-03-12,,,,,,,,,,
2015-03-13,,,,,,,,,,
2015-03-14,,,,,,,,,,
2015-03-15,,,,,,,,,,
2015-03-16,,,,,,,,,,
2015-03-17,,,,,,,,,,
2015-03-18,,,,,,,,,,
2015-03-19,,,,,,,,,,
2015-03-20,,,,,,,,,,
2015-03-21,,,,,,,,,,
2015-03-22,,,,,,,,,,
2015-03-23,,,,,,,,,,
2015-03-24,,,,,,,,,,
2015-03-25,,,,,,,,,,
2015-03-26,,,,33.08,,,,,,
2015-03-27,,,,33.08,,,,,,
2015-03-28,,,,33.08,,,,,,
2015-03-29,,,,33.08,,,,,,
2015-03-30,,,,33.08,,,,,,
2015-03-31,,,,33.08,,,,,,
2015-04-01,,,,33.08,,,,,,
2015-04-02,,,,33.08,,,,,,
2015-04-03,,,,25.99,,,,,,
2015-04-04,,,,25.99,,,,,,
2015-04-05,,,,25.99,,,,,,
2015-04-06,,,,25.99,,,,,,
2015-04-07,,,,25.99,,,,,,
2015-04-08,,,,25.99,,,,,,
2015-04-09,,,,25.99,,,,,,
2015-04-10,,,,25.99,,,,,,
2015-04-11,,,,25.99,,,,,,
2015-04-12,,,,25.99,,,,,,
2015-04-13,,,,25.99,,,,,,
2015-04-14,,,,25.99,,,,,,
2015-04-15,,,,25.99,,,,,,
2015-04-16,,,,25.99,,,,,,
2015-04-17,,,,25.99,,,,,,
2015-04-18,,,,25.99,,,,,,
2015-04-19,,,,25.99,,,,,,
2015-04-20,,,,25.99,,,,,,
2015-04-21,,,31.0,25.99,,,,,,
2015-04-22,,,31.0,25.99,,,,,,
2015-04-23,,,31.0,25.99,,,,,,
2015-04-24,,,31.0,25.99,,,,,,
2015-04-25,,,31.0,25.99,,,,,,
2015-04-26,,,31.0,25.99,,,,,,
2015-04-27,,,31.0,25.99,,,,,,
2015-04-28,,,31.0,25.99,,,,,,
2015-04-29,,,31.0,25.99,,,,,,
2015-04-30,,,31.0,25.99,,,,,,
2015-05-01,,,31.0,25.99,,,,,,
2015-05-02,,,31.0,25.99,,,,,,
2015-05-03,,,31.0,25.99,,,,,,
2015-05-04,,,31.0,25.99,,,,,,
2015-05-05,,,31.0,25.99,,,,,,
2015-05-06,,,31.0,25.99,,,,,,
2015-05-07,,,31.0,25.99,,,,,,
2015-05-08,,,31.0,25.99,,,,,,
2015-05-09,,,31.0,25.99,,,,,,
2015-05-10,,,31.0,25.99,,,,,,
2015-05-11,,,31.0,25.99,,,,,,
2015-05-12,,,31.0,25.99,,,,,,
2015-05-13,,,31.0,25.99,,,,,,
2015-05-14,,,31.0,25.99,,,,,,
2015-05-15,,,31.0,25.99,,,,,,
2015-05-16,,,31.0,25.99,,,,,,
2015-05-17,,,31.0,25.99,,,,,,
2015-05-18,,,31.0,25.99,,,,,,
2015-05-19,,,31.0,25.99,,,,,,
2015-05-20,,,31.0,25.99,,,,,,
2015-05-21,,,31.0,22.68,,,,,,
2015-05-22,,,31.0,22.68,,,,,,
2015-05-23,,,31.0,22.68,,,,,,
2015-05-24,,,31.0,22.68,,,,,,
2015-05-25,,,31.0,22.68,,,,,,
2015-05-26,,,31.0,22.68,,,,,,
2015-05-27,,,31.0,22.68,,,,,,
2015-05-28,,,31.0,22.68,,,,,,
2015-05-29,,,31.0,22.68,,,,,,
2015-05-30,,,31.0,22.68,,,,,,
2015-05-31,,,31.0,22.68,,,,,,
2015-06-01,,,31.0,22.68,,,,,,
2015-06-02,,,31.0,22.68,,,,,,
2015-06-03,,,31.0,22.68,,,,,,
2015-06-04,,,31.0,22.68,,,,,,
2015-06-05,,,31.0,22.68,,,,,,
2015-06-06,,,31.0,22.68,,,,,,
2015-06-07,,,31.0,22.68,,,,,,
2015-06-08,,,31.0,22.68,,,,,,
2015-06-09,,,31.0,22.68,,,,,,
2015-06-10,,,31.0,22.68,,,,,,
2015-06-11,,,31.0,22.68,,,,,,
2015-06-12,,,31.0,22.68,,,,,,
2015-06-13,,,31.0,22.68,,,,,,
2015-06-14,,,31.0,22.68,,,,,,
2015-06-15,,,31.0,22.68,,,,,,
2015-06-16,,,31.0,22.68,,,,,,
2015-06-17,,,31.0,22.68,,,,,,
2015-06-18,,,31.0,22.68,,,,,,
2015-06-19,,,31.0,22.68,,,,,,
2015-06-20,,,31.0,22.68,,,,,,
2015-06-21,,,31.0,22.68,,,,,,
2015-06-22,,,31.0,22.68,,,,,,
2015-06-23,,,31.0,22.68,,,,,,
2015-06-24,,,31.0,22.68,,,,,,
2015-06-25,,,31.0,22.68,,,,,,
2015-06-26,,,31.0,22.68,,,,,,
2015-06-27,,,31.0,25.99,,,,,,
2015-06-28,,,31.0,25.99,,,,,,
2015-06-29,,,31.0,25.99,,,,,,
2015-06-30,,,31.0,25.99,,,,,,
2015-07-01,,,31.0,25.99,,,,,,
2015-07-02,,,31.0,25.99,,,,,,
2015-07-03,,,31.0,25.99,,,,,,
2015-07-04,,,31.0,25.99,,,,,,
2015-07-05,,,31.0,25.99,,,,,,
2015-07-06,,,31.0,25.99,,,,,,
2015-07-07,,,31.0,25.99,,,,,,
2015-07-08,,,31.0,25.99,,,,,,
2015-07-09,,,31.0,25.99,,,,,,
2015-07-10,,,31.0,25.99,,,,,,
2015-07-11,,,31.0,25.99,,,,,,
2015-07-12,,,31.0,25.99,,,,,,
2015-07-13,,,26.16,25.99,,,,,,
2015-07-14,,,26.16,25.99,,,,,,
2015-07-15,,,26.16,25.99,,,,,,
2015-07-16,,,26.16,25.99,,,,,,
2015-07-17,,,26.16,25.99,,,,,,
2015-07-18,,,26.16,25.99,,,,,,
2015-07-19,,,26.16,25.99,,,,,,
2015-07-20,,,26.16,25.99,,,,,,
2015-07-21,,,26.16,25.99,,,,,,
2015-07-22,,,26.16,19.68,,,,,,
2015-07-23,,,26.16,25.99,,,,,,
2015-07-24,,,26.16,25.99,,,,,,
2015-07-25,,,26.16,25.99,,,,,,
2015-07-26,,,26.16,25.99,,,,,,
2015-07-27,,,26.16,25.99,,,,,,
2015-07-28,,,26.16,25.99,,,,,,
2015-07-29,,,26.16,25.99,,,,,,
2015-07-30,,,26.16,25.99,,,,,,
2015-07-31,,,26.16,25.99,,,,,,
2015-08-01,,,26.16,25.99,,,,,,
2015-08-02,,,26.16,25.99,,,,,,
2015-08-03,,,26.16,25.99,,,,,,
2015-08-04,,,26.16,25.99,,,,,,
2015-08-05,,,26.16,22.68,,,,,,
2015-08-06,,,26.16,22.68,,,,,,
2015-08-07,,,26.16,22.68,,,,,,
2015-08-08,,,26.16,22.68,,,,,,
2015-08-09,,,26.16,22.68,,,,,,
2015-08-10,,,26.16,22.68,,,,,,
2015-08-11,,,26.16,19.73,,,,,,
2015-08-12,,,26.16,22.68,,,,,,
2015-08-13,,,26.16,22.68,,,,,,
2015-08-14,,,26.16,22.68,,,,,,
2015-08-15,,,26.16,22.68,,,,,,
2015-08-16,,,26.16,22.68,,,,,,
2015-08-17,,,26.16,22.68,,,,,,
2015-08-18,,,26.16,22.68,,,,,,
2015-08-19,,,26.16,22.68,,,,,,
2015-08-20,,,31.0,22.68,,,,,,
2015-08-21,,,31.0,22.68,,,,,,
2015-08-22,,,26.16,22.68,,,,,,
2015-08-23,,,26.16,22.68,,,,,,
2015-08-24,,,26.16,22.68,,,,,,
2015-08-25,,,26.16,22.68,,,,,,
2015-08-26,,,26.16,22.68,,,,,,
2015-08-27,,,26.16,22.68,,,,,,
2015-08-28,,,26.16,22.68,,,,,,
2015-08-29,,,26.16,24.335,,,,,,
2015-08-30,,,26.16,24.335,,,,,,
2015-08-31,,,26.16,24.335,,,,,,
2015-09-01,,,26.16,24.335,,,,,,
2015-09-02,,,26.16,24.335,,,,,,
2015-09-03,,,26.16,24.335,,,,,,
2015-09-04,,,26.16,24.335,,,,,,
2015-09-05,,,26.16,24.335,,,,,,
2015-09-06,,,26.16,24.335,,,,,,
2015-09-07,,,26.16,24.335,,,,,,
2015-09-08,,,26.16,24.335,,,,,,
2015-09-09,,,26.16,24.335,,,,,,
2015-09-10,,,26.16,24.335,,,,,,
2015-09-11,,,26.16,24.335,,,,,,
2015-09-12,,,26.16,24.335,,,,,,
2015-09-13,,,26.16,24.335,,,,,,
2015-09-14,,,26.16,24.335,,,,,,
2015-09-15,,,26.16,24.335,,,,,,
2015-09-16,,,26.16,24.335,,,,,,
2015-09-17,,,31.0,25.99,,,,,,
2015-09-18,,,31.0,25.99,,,,,,
2015-09-19,,,31.0,25.99,,,,,,
2015-09-20,,,31.0,25.99,,,,,,
2015-09-21,,,31.0,25.99,,,,,,
2015-09-22,,,31.0,25.99,,,,,,
2015-09-23,,,31.0,25.99,,,,,,
2015-09-24,,,31.0,25.99,,,,,,
2015-09-25,,,26.16,22.68,,,,,,
2015-09-26,,,31.0,22.68,,,,,,
2015-09-27,,,26.16,22.68,,,,,,
2015-09-28,,,26.16,22.68,,,,,,
2015-09-29,,,26.16,22.68,,,,,,
2015-09-30,,,31.0,24.335,,,,,,
2015-10-01,,,31.0,24.335,,,,,,
2015-10-02,,,31.0,24.335,,,,,,
2015-10-03,,,31.0,24.335,,,,,,
2015-10-04,,,31.0,24.42,,,,,,
2015-10-05,,,31.0,24.42,,,,,,
2015-10-06,,,31.0,24.42,,,,,,
2015-10-07,,,31.0,24.42,,,,,,
2015-10-08,,,31.0,24.42,,,,,,
2015-10-09,,,31.0,24.42,,,,,,
2015-10-10,,,31.0,25.99,,,,,,
2015-10-11,,,31.0,25.98,,,,,,
2015-10-12,,,31.0,25.98,,,,,,
2015-10-13,,,31.0,25.98,,,,,,
2015-10-14,,,31.0,25.97,,,,,,
2015-10-15,,,31.0,25.97,,,,,,
2015-10-16,,,31.0,25.97,,,,,,
2015-10-17,,,31.0,25.96,,,,,,
2015-10-18,,,31.0,25.99,,,,,,
2015-10-19,,,31.0,25.99,,,,,,
2015-10-20,,,31.0,25.99,,,,,,
2015-10-21,,,31.0,25.99,,,,,,
2015-10-22,,,31.0,25.965,,,,,,
2015-10-23,,,31.0,25.965,,,,,,
2015-10-24,,,31.0,25.965,,,,,,
2015-10-25,,,31.0,25.965,,,,,,
2015-10-26,,,31.0,25.965,,,,,,
2015-10-27,,,31.0,25.95,,,,,,
2015-10-28,,,31.0,25.94,,,,,,
2015-10-29,,,31.0,25.94,,,,,,
2015-10-30,,,31.0,25.93,,,,,,
2015-10-31,,,31.0,25.93,,,,,,
2015-11-01,,,31.0,25.915,,,,,,
2015-11-02,,,31.0,25.915,,,,,,
2015-11-03,,,31.0,25.915,,,,,,
2015-11-04,,,31.0,25.915,,,,,,
2015-11-05,,,31.0,25.89,,,,,,
2015-11-06,,,31.0,25.89,,,,,,
2015-11-07,,,31.0,25.89,,,,,,
2015-11-08,,,31.0,25.87,,,,,,
2015-11-09,,,31.0,25.87,,,,,,
2015-11-10,,,31.0,25.87,,,,,,
2015-11-11,,,31.0,25.86,,,,,,
2015-11-12,,,31.0,25.86,,,,,,
2015-11-13,,,31.0,25.86,,,,,,
2015-11-14,,,31.0,25.86,,,,,,
2015-11-15,,,31.0,25.86,,,,,,
2015-11-16,,,31.0,25.83,,,,,,
2015-11-17,,,31.0,25.82,,,,,,
2015-11-18,,,31.0,25.82,,,,,,
2015-11-19,,,31.0,25.81,,,,,,
2015-11-20,,,31.0,25.81,,,,,,
2015-11-21,,,31.0,25.81,,,,,,
2015-11-22,,,31.0,25.8,,,,,,
2015-11-23,,,31.0,25.8,,,,,,
2015-11-24,,,31.0,25.79,,,,,,
2015-11-25,,,31.0,25.79,,,,,,
2015-11-26,,,31.0,25.78,,,,,,
2015-11-27,,,31.0,25.78,,,,,,
2015-11-28,,,31.0,25.77,,,,,,
2015-11-29,,,31.0,25.77,,,,,,
2015-11-30,,,31.0,25.75,,,,,,
2015-12-01,,,31.0,25.75,,,,,,
2015-12-02,,,31.0,25.75,,,,,,
2015-12-03,,,31.0,25.75,,,,,,
2015-12-04,,,31.0,25.715,,,,,,
2015-12-05,,,31.0,25.715,,,,,,
2015-12-06,,,31.0,25.7,,,,,,
2015-12-07,,,31.0,25.7,,,,,,
2015-12-08,,,31.0,25.69,,,,,,
2015-12-09,,,31.0,25.67,,,,,,
2015-12-10,,,31.0,25.67,,,,,,
2015-12-11,,,31.0,25.67,,,,,,
2015-12-12,,,31.0,25.65,,,,,,
2015-12-13,,,31.0,25.65,,,,,,
2015-12-14,,,31.0,25.63,,,,,,
2015-12-15,,,31.0,25.62,,,,,,
2015-12-16,,,31.0,25.62,,,,,,
2015-12-17,,,31.0,25.62,,,,,,
2015-12-18,,,31.0,25.61,,,,,,
2015-12-19,,,31.0,25.61,,,,,,
2015-12-20,,,31.0,25.6,,,,,,
2015-12-21,,,31.0,25.58,,,,,,
2015-12-22,,,31.0,25.58,,,,,,
2015-12-23,,,31.0,25.57,,,,,,
2015-12-24,,,31.0,25.55,,,,,,
2015-12-25,,,31.0,25.55,,,,,,
2015-12-26,,,31.0,25.55,,,,,,
2015-12-27,,,31.0,25.53,,,,,,
2015-12-28,,,31.0,25.52,,,,,,
2015-12-29,,,31.0,25.52,,,,,,
2015-12-30,,,31.0,25.52,,,,,,
2015-12-31,,,31.0,25.51,,,,,,
2016-01-01,,,31.0,25.51,,,,,,
2016-01-02,,,31.0,25.51,,,,,,
2016-01-03,,,31.0,25.51,,,,,,
2016-01-04,,,31.0,25.49,,,,,,
2016-01-05,,,31.0,25.47,,,,,,
2016-01-06,,,31.0,25.47,,,,,,
2016-01-07,,,31.0,25.46,,,,,,
2016-01-08,,,31.0,25.45,,,,,,
2016-01-09,,,31.0,25.45,,,,,,
2016-01-10,,,31.0,25.43,,,,,,
2016-01-11,,,31.0,25.42,,,,,,
2016-01-12,,,31.0,25.42,,,,,,
2016-01-13,,,31.0,25.41,,,,,,
2016-01-14,,,31.0,25.41,,,,,,
2016-01-15,,,31.0,25.41,,,,,,
2016-01-16,,,31.0,25.38,,,,,,
2016-01-17,,,31.0,25.38,,,,,,
2016-01-18,,,31.0,25.36,,,,,,
2016-01-19,,,31.0,25.36,,,,,,
2016-01-20,,,31.0,25.36,,,,,,
2016-01-21,,,31.0,25.34,,,,,,
2016-01-22,,,31.0,25.34,,,,,,
2016-01-23,,,31.0,30.0,,,,,,
2016-01-24,,,31.0,30.0,,,,,,
2016-01-25,,,31.0,30.0,,,,,,
2016-01-26,,,31.0,30.0,,,,,,
2016-01-27,,,31.0,25.3,,,,,,
2016-01-28,,,31.0,25.3,,,,,,
2016-01-29,,,31.0,25.28,,,,,,
2016-01-30,,,31.0,25.28,,,,,,
2016-01-31,,,31.0,25.26,,,,,,
2016-02-01,,,31.0,25.26,,,,,,
2016-02-02,,,31.0,25.24,,,,,,
2016-02-03,,,31.0,25.24,,,,,,
2016-02-04,,,31.0,25.22,,,,,,
2016-02-05,,,31.0,25.22,,,,,,
2016-02-06,,,31.0,25.21,,,,,,
2016-02-07,,,31.0,25.21,,,,,,
2016-02-08,,,31.0,25.19,,,,,,
2016-02-09,,,31.0,25.18,,,,,,
2016-02-10,,,31.0,25.18,,,,,,
2016-02-11,,,31.0,25.17,,,,,,
2016-02-12,,,31.0,25.16,,,,,,
2016-02-13,,,31.0,25.16,,,,,,
2016-02-14,,,31.0,25.16,,,,,,
2016-02-15,,,31.0,25.13,,,,,,
2016-02-16,,,31.0,25.12,,,,,,
2016-02-17,,,31.0,25.11,,,,,,
2016-02-18,,,31.0,25.1,,,,,,
2016-02-19,,,31.0,25.09,,,,,,
2016-02-20,,,31.0,25.09,,,,,,
2016-02-21,,,31.0,25.07,,,,,,
2016-02-22,,,31.0,25.06,,,,,,
2016-02-23,,,31.0,25.06,,,,,,
2016-02-24,,,31.0,25.06,,,,,,
2016-02-25,,,31.0,25.045,,,,,,
2016-02-26,,,31.0,25.03,,,,,,
2016-02-27,,,31.0,25.03,,,,,,
2016-02-28,,,31.0,25.03,,,,,,
2016-02-29,,,31.0,25.01,,,,,,
2016-03-01,,,31.0,25.01,,,,,,
2016-03-02,,,31.0,25.01,,,,,,
2016-03-03,,,31.0,24.99,,,,,,
2016-03-04,,,31.0,24.97,,,,,,
2016-03-05,,,31.0,24.97,,,,,,
2016-03-06,,,31.0,24.96,,,,,,
2016-03-07,,,31.0,24.95,,,,,,
2016-03-08,,,31.0,24.94,,,,,,
2016-03-09,,,31.0,24.93,,,,,,
2016-03-10,,,31.0,24.93,,,,,,
2016-03-11,,,31.0,24.93,,,,,,
2016-03-12,,,31.0,24.91,,,,,,
2016-03-13,,,31.0,24.91,,,,,,
2016-03-14,,,31.0,24.91,,,,,,
2016-03-15,,,31.0,24.9,,,,,,
2016-03-16,,,31.0,24.9,,,,,,
2016-03-17,,,31.0,24.9,,,,,,
2016-03-18,,,31.0,24.9,,,,,,
2016-03-19,,,31.0,24.9,,,,,,
2016-03-20,,,31.0,24.9,,,,,,
2016-03-21,,,31.0,24.9,,,,,,
2016-03-22,,,31.0,24.9,,,,,,
2016-03-23,,,31.0,24.9,,,,,,
2016-03-24,,,31.0,24.85,,,,,,
2016-03-25,,,31.0,24.85,,,,,,
2016-03-26,,,31.0,24.85,,,,,,
2016-03-27,,,31.0,24.85,,,,,,
2016-03-28,,,31.0,24.85,,,,,,
2016-03-29,,,31.0,24.85,,,,,,
2016-03-30,,,31.0,24.85,,,,,,
2016-03-31,,,31.0,24.79,,,,,,
2016-04-01,,,31.0,24.79,,,,,,
2016-04-02,,,31.0,24.78,,,,,,
2016-04-03,,,31.0,24.78,,,,,,
2016-04-04,,,31.0,24.77,,,,,,
2016-04-05,,,31.0,24.75,,,,,,
2016-04-06,,,31.0,24.74,,,,,,
2016-04-07,,,31.0,24.74,,,,,,
2016-04-08,,,31.0,24.74,,,,,,
2016-04-09,,,31.0,24.72,,,,,,
2016-04-10,,,31.0,24.72,,,,,,
2016-04-11,,,31.0,24.705,,,,,,
2016-04-12,,,31.0,24.705,,,,,,
2016-04-13,,,31.0,24.700000000000003,,,,,,
2016-04-14,,,31.0,24.700000000000003,,,,,,
2016-04-15,,,31.0,24.700000000000003,,,,,,
2016-04-16,,,31.0,24.700000000000003,,,,,,
2016-04-17,,,31.0,24.700000000000003,,,,,,
2016-04-18,,,31.0,24.700000000000003,,,,,,
2016-04-19,,,31.0,24.700000000000003,,,,,,
2016-04-20,,,31.0,24.700000000000003,,,,,,
2016-04-21,,,31.0,24.700000000000003,,,,,,
2016-04-22,,,31.0,24.700000000000003,,,,,,
2016-04-23,,,31.0,24.700000000000003,,,,,,
2016-04-24,,,31.0,24.700000000000003,,,,,,
2016-04-25,,,31.0,24.700000000000003,,,,,,
2016-04-26,,,31.0,24.700000000000003,,,,,,
2016-04-27,,,31.0,24.700000000000003,,,,,,
2016-04-28,,,31.0,24.700000000000003,,,,,,
2016-04-29,,,31.0,24.61,,,,,,
2016-04-30,,,31.0,24.61,,,,,,
2016-05-01,,,31.0,24.51,,,,,,
2016-05-02,,,31.0,24.41,,,,,,
2016-05-03,,,31.0,24.259999999999998,,,,,,
2016-05-04,,,31.0,24.259999999999998,,,,,,
2016-05-05,,,31.0,22.67,,,,,,
2016-05-06,,,31.0,22.57,,,,,,
2016-05-07,,,31.0,22.57,,,,,,
2016-05-08,,,31.0,22.57,,,,,,
2016-05-09,,,31.0,22.27,,,,,,
2016-05-10,,,31.0,22.27,,,,,,
2016-05-11,,,31.0,22.17,,,,,,
2016-05-12,,,31.0,21.95,,,,,,
2016-05-13,,,31.0,21.95,,,,,,
2016-05-14,,,31.0,21.95,,,,,,
2016-05-15,,,31.0,21.0,,,,,,
2016-05-16,,,31.0,21.0,,,,,,
2016-05-17,,,31.0,21.0,,,,,,
2016-05-18,,,31.0,21.0,,,,,,
2016-05-19,,,31.0,21.0,,,,,,
2016-05-20,,,31.0,15.28,,,,,,
2016-05-21,,,31.0,15.28,,,,,,
2016-05-22,,,31.0,15.38,,,,,,
2016-05-23,,,31.0,15.08,,,,,,
2016-05-24,,,31.0,19.189999999999998,,,,,,
2016-05-25,,,31.0,14.68,,,,,,
2016-05-26,,,31.0,21.41,,,,,,
2016-05-27,,,31.0,21.41,,,,,,
2016-05-28,,,31.0,21.41,,,,,,
2016-05-29,,,31.0,15.38,,,,,,
2016-05-30,,,31.0,14.78,,,,,,
2016-05-31,,,31.0,14.78,,,,,,
2016-06-01,,,31.0,17.64,,,,,,
2016-06-02,,,31.0,14.28,,,,,,
2016-06-03,,,31.0,15.08,,,,,,
2016-06-04,,,31.0,14.48,,,,,,
2016-06-05,,,31.0,14.48,,,,,,
2016-06-06,,,31.0,19.9475,,,,,,
2016-06-07,,,31.0,22.22,,,,,,
2016-06-08,,,31.0,23.64,,,,,,
2016-06-09,,,31.0,23.3,,,,,,
2016-06-10,,,31.0,22.22,,,,,,
2016-06-11,,,31.0,21.93,,,,,,
2016-06-12,,,31.0,21.83,,,,,,
2016-06-13,,,31.0,21.73,,,,,,
2016-06-14,,,31.0,21.69,,,,,,
2016-06-15,,,31.0,21.69,,,,,,
2016-06-16,,,31.0,21.45,,,,,,
2016-06-17,,,31.0,21.17,,,,,,
2016-06-18,,,31.0,21.21,,,,,,
2016-06-19,,,31.0,21.07,,,,,,
2016-06-20,,,31.0,21.0,,,,,,
2016-06-21,,,31.0,21.04,,,,,,
2016-06-22,,,31.0,22.22,,,,,,
2016-06-23,,,31.0,22.22,,,,,,
2016-06-24,,,31.0,22.22,,,,,,
2016-06-25,,,31.0,23.88,,,,,,
2016-06-26,,,31.0,23.88,,,,,,
2016-06-27,,,31.0,23.88,,,,,,
2016-06-28,,,31.0,23.88,,,,,,
2016-06-29,,,31.0,23.88,,,,,,
2016-06-30,,,31.0,26.325,,,,,,
2016-07-01,,,31.0,26.325,,,,,,
2016-07-02,,,31.0,26.325,,,,,,
2016-07-03,,,31.0,26.325,,,,,,
2016-07-04,,,31.0,26.325,,,,,,
2016-07-05,,,31.0,26.325,,,,,,
2016-07-06,,,31.0,28.33,,,,,,
2016-07-07,,,31.0,22.215,,,,,,
2016-07-08,,,31.0,22.2,,,,,,
2016-07-09,,,31.0,22.2,,,,,,
2016-07-10,,,31.0,22.19,,,,,,
2016-07-11,,,31.0,22.18,,,,,,
2016-07-12,,,31.0,22.17,,,,,,
2016-07-13,,,31.0,22.17,,,,,,
2016-07-14,,,31.0,22.16,,,,,,
2016-07-15,,,31.0,22.16,,,,,,
2016-07-16,,,31.0,22.15,,,,,,
2016-07-17,,,31.0,22.15,,,,,,
2016-07-18,,,31.0,22.14,,,,,,
2016-07-19,,,31.0,22.14,,,,,,
2016-07-20,,,31.0,22.13,,,,,,
2016-07-21,,,31.0,21.995,,,,,,
2016-07-22,,,31.0,21.995,,,,,,
2016-07-23,,,31.0,21.995,,,,,,
2016-07-24,,,31.0,21.995,,,,,,
2016-07-25,,,31.0,22.11,,,,,,
2016-07-26,,,31.0,21.987500000000004,,,,,,
2016-07-27,,,31.0,22.02,,,,,,
2016-07-28,,,31.0,22.02,,,,,,
2016-07-29,,,31.0,21.86,,,,,,
2016-07-30,,,31.0,21.85,,,,,,
2016-07-31,,,31.0,21.835,,,,,,
2016-08-01,,,31.0,21.835,,,,,,
2016-08-02,,,31.0,21.82,,,,,,
2016-08-03,,,31.0,21.82,,,,,,
2016-08-04,,,31.0,21.825,,,,,,
2016-08-05,,,31.0,21.825,,,,,,
2016-08-06,,,31.0,21.825,,,,,,
2016-08-07,,,31.0,21.825,,,,,,
2016-08-08,,,31.0,21.825,,,,,,
2016-08-09,,,31.0,21.825,,,,,,
2016-08-10,,,31.0,21.825,,,,,,
2016-08-11,,,31.0,21.825,,,,,,
2016-08-12,,,31.0,21.825,,,,,,
2016-08-13,,,31.0,21.825,,,,,,
2016-08-14,,,31.0,21.825,,,,,,
2016-08-15,,,31.0,21.825,,,,,,
2016-08-16,,,31.0,21.825,,,,,,
2016-08-17,,,31.0,21.825,,,,,,
2016-08-18,,,31.0,21.825,,,,,,
2016-08-19,,,31.0,21.825,,,,,,
2016-08-20,,,31.0,21.825,,,,,,
2016-08-21,,,31.0,21.825,,,,,,
2016-08-22,,,31.0,21.825,,,,,,
2016-08-23,,,31.0,21.825,,,,,,
2016-08-24,,,31.0,21.825,,,,,,
2016-08-25,,,31.0,15.38,,,,,,
2016-08-26,,,31.0,21.94,,,,,,
2016-08-27,,,31.0,21.94,,,,,,
2016-08-28,,,31.0,21.94,,,,,,
2016-08-29,,,31.0,21.94,,,,,,
2016-08-30,,,31.0,21.94,,,,,,
2016-08-31,,,31.0,21.94,,,,,,
2016-09-01,,,31.0,21.94,,,,,,
2016-09-02,,,31.0,21.94,,,,,,
2016-09-03,,,31.0,21.94,,,,,,
2016-09-04,,,31.0,21.94,,,,,,
2016-09-05,,,31.0,21.94,,,,,,
2016-09-06,,,31.0,21.94,,,,,,
2016-09-07,,,31.0,21.94,,,,,,
2016-09-08,,,31.0,21.94,,,,,,
2016-09-09,,,31.0,21.94,,,,,,
2016-09-10,,,31.0,21.94,,,,,,
2016-09-11,,,31.0,21.94,,,,,,
2016-09-12,,,31.0,21.94,,,,,,
2016-09-13,,,31.0,21.93,,,,,,
2016-09-14,,,31.0,21.92,,,,,,
2016-09-15,,,31.0,21.91,,,,,,
2016-09-16,,,31.0,21.9,,,,,,
2016-09-17,,,31.0,21.89,,,,,,
2016-09-18,,,31.0,21.88,,,,,,
2016-09-19,,,31.0,21.905,,,,,,
2016-09-20,,,31.0,21.905,,,,,,
2016-09-21,,,31.0,21.905,,,,,,
2016-09-22,,,31.0,21.905,,,,,,
2016-09-23,,,31.0,21.87,,,,,,
2016-09-24,,,31.0,21.87,,,,,,
2016-09-25,,,31.0,21.94,,,,,,
2016-09-26,,,31.0,21.94,,,,,,
2016-09-27,,,31.0,21.94,,,,,,
2016-09-28,,,31.0,21.94,,,,,,
2016-09-29,,,31.0,21.94,,,,,,
2016-09-30,,,31.0,21.94,,,,,,
2016-10-01,,,31.0,21.94,,,,,,
2016-10-02,,,31.0,21.94,,,,,,
2016-10-03,,,31.0,21.94,,,,,,
2016-10-04,,,31.0,21.94,,,,,,
2016-10-05,,,31.0,21.94,,,,,,
2016-10-06,,,31.0,21.94,,,,,,
2016-10-07,,,31.0,22.11,,,,,,
2016-10-08,,,31.0,21.94,,,,,,
2016-10-09,,,31.0,21.94,,,,,,
2016-10-10,,,31.0,21.94,,,,,,
2016-10-11,,,31.0,21.94,,,,,,
2016-10-12,,,31.0,21.94,,,,,,
2016-10-13,,,31.0,21.94,,,,,,
2016-10-14,,,31.0,21.94,,,,,,
2016-10-15,,,31.0,21.94,,,,,,
2016-10-16,,,31.0,21.94,,,,,,
2016-10-17,,,31.0,21.94,,,,,,
2016-10-18,,,31.0,21.94,,,,,,
2016-10-19,,,31.0,21.94,,,,,,
2016-10-20,,,31.0,21.94,,,,,,
2016-10-21,,,31.0,21.94,,,,,,
2016-10-22,,,31.0,21.94,,,,,,
2016-10-23,,,31.0,21.94,,,,,,
2016-10-24,,,31.0,21.94,,,,,,
2016-10-25,,,31.0,21.94,,,,,,
2016-10-26,,,31.0,21.94,,,,,,
2016-10-27,,,31.0,22.11,,,,,,
2016-10-28,,,31.0,21.94,,,,,,
2016-10-29,,,31.0,21.94,,,,,,
2016-10-30,,,31.0,21.94,,,,,,
2016-10-31,,,31.0,21.94,,,,,,
2016-11-01,,,31.0,21.94,,,,,,
2016-11-02,,,31.0,22.11,,,,,,
2016-11-03,,,31.0,21.94,,,,,,
2016-11-04,,,31.0,21.94,,,,,,
2016-11-05,,,31.0,21.94,,,,,,
2016-11-06,,,31.0,21.94,,,,,,
2016-11-07,,,31.0,21.94,,,,,,
2016-11-08,,,31.0,22.025,,,,,,
2016-11-09,,,31.0,22.025,,,,,,
2016-11-10,,,31.0,22.025,,,,,,
2016-11-11,,,31.0,23.33,,,,,,
2016-11-12,,,31.0,22.634999999999998,,,,,,
2016-11-13,,,31.0,22.634999999999998,,,,,,
2016-11-14,,,31.0,21.94,,,,,,
2016-11-15,,,31.0,23.33,,,,,,
2016-11-16,,,31.0,21.94,,,,,,
2016-11-17,,,31.0,22.634999999999998,,,,,,
2016-11-18,,,31.0,23.33,,,,,,
2016-11-19,,,31.0,21.94,,,,,,
2016-11-20,,,31.0,21.94,,,,,,
2016-11-21,,,31.0,21.94,,,,,,
2016-11-22,,,31.0,21.94,,,,,,
2016-11-23,,,31.0,21.94,,,,,,
2016-11-24,,,31.0,21.94,,,,,,
2016-11-25,,,31.0,21.94,,,,,,
2016-11-26,,,31.0,21.94,,,,,,
2016-11-27,,,31.0,21.94,,,,,,
2016-11-28,,,31.0,21.94,,,,,,
2016-11-29,,,31.0,21.94,,,,,,
2016-11-30,,,31.0,21.94,,,,,,
2016-12-01,,,31.0,21.94,,,,,,
2016-12-02,,,31.0,21.94,,,,,,
2016-12-03,,,31.0,21.94,,,,,,
2016-12-04,,,31.0,21.94,,,,,,
2016-12-05,,,31.0,21.94,,,,,,
2016-12-06,,,31.0,21.94,,,,,,
2016-12-07,,,31.0,21.94,,,,,,
2016-12-08,,,31.0,21.94,,,,,,
2016-12-09,,,31.0,21.94,,,,,,
2016-12-10,,,31.0,21.94,,,,,,
2016-12-11,,,31.0,21.94,,,,,,
2016-12-12,,,31.0,21.94,,,,,,
2016-12-13,,,31.0,21.94,,,,,,
2016-12-14,,,31.0,21.94,,,,,,
2016-12-15,,,31.0,21.94,,,,,,
2016-12-16,,,31.0,21.94,,,,,,
2016-12-17,,,31.0,21.94,,,,,,
2016-12-18,,,31.0,15.36,,,,,,
2016-12-19,,,31.0,15.36,,,,,,
2016-12-20,,,31.0,15.36,,,,,,
2016-12-21,,,31.0,15.36,,,,,,
2016-12-22,,,31.0,15.36,,,,,,
2016-12-23,,,31.0,16.8,,,,,,
2016-12-24,,,31.0,16.8,,,,,,
2016-12-25,,,31.0,16.8,,,,,,
2016-12-26,,,31.0,16.8,,,,,,
2016-12-27,,,31.0,16.8,,,,,,
2016-12-28,,,31.0,16.8,,,,,,
2016-12-29,,,31.0,16.8,,,,,,
2016-12-30,,,31.0,16.8,,,,,,
2016-12-31,,,31.0,16.8,,,,,,
2017-01-01,,,31.0,16.8,,,,,,
2017-01-02,,,31.0,16.8,,,,,,
2017-01-03,,,31.0,16.8,,,,,,
2017-01-04,,,31.0,16.8,,,,,,
2017-01-05,,,31.0,16.8,,,,,,
2017-01-06,,,31.0,16.8,,,,,,
2017-01-07,,,31.0,16.8,,,,,,
2017-01-08,,,31.0,16.8,,,,,,
2017-01-09,,,31.0,16.8,,,,,,
2017-01-10,,,31.0,21.0,,,,,,
2017-01-11,,,31.0,21.0,,,,,,
2017-01-12,,,31.0,21.0,,,,,,
2017-01-13,,,31.0,21.0,,,,,,
2017-01-14,,,31.0,21.0,,,,,,
2017-01-15,,,31.0,21.0,,,,,,
2017-01-16,,,31.0,21.0,,,,,,
2017-01-17,,,31.0,21.0,,,,,,
2017-01-18,,,31.0,21.0,,,,,,
2017-01-19,,,31.0,21.99,,,,,,
2017-01-20,,,31.0,21.99,,,,,,
2017-01-21,,,31.0,21.99,,,,,,
2017-01-22,,,31.0,21.99,,,,,,
2017-01-23,,,31.0,21.99,,,,,,
2017-01-24,,,31.0,21.99,,,,,,
2017-01-25,,,31.0,21.99,,,,,,
2017-01-26,,,31.0,21.99,,,,,,
2017-01-27,,,31.0,21.99,,,,,,
2017-01-28,,,31.0,21.99,,,,,,
2017-01-29,,,31.0,21.99,,,,,,
2017-01-30,,,31.0,21.99,,,,,,
2017-01-31,,,31.0,21.99,,,,,,
2017-02-01,,,31.0,21.99,,,,,,
2017-02-02,,,31.0,21.99,,,,,,
2017-02-03,,,31.0,21.99,,,,,,
2017-02-04,,,31.0,21.99,,,,,,
2017-02-05,,,31.0,21.99,,,,,,
2017-02-06,,,31.0,21.99,,,,,,
2017-02-07,,,31.0,21.99,,,,,,
2017-02-08,,,31.0,21.99,,,,,,
2017-02-09,,,31.0,21.99,,,,,,
2017-02-10,,,31.0,21.99,,,,,,
2017-02-11,,,31.0,21.99,,,,,,
2017-02-12,,,31.0,21.99,,,,,,
2017-02-13,,,31.0,21.99,,,,,,
2017-02-14,,,31.0,30.78,,,,,,
2017-02-15,,,31.0,30.78,,,,,,
2017-02-16,,,31.0,24.494999999999997,,,,,,
2017-02-17,,,31.0,24.494999999999997,,,,,,
2017-02-18,,,31.0,31.53,,,,,,
2017-02-19,,,31.0,31.53,,,,,,
2017-02-20,,,31.0,21.99,,,,,,
2017-02-21,,,31.0,21.99,,,,,,
2017-02-22,,,31.0,31.53,,,,,,
2017-02-23,,,31.0,21.99,,,,,,
2017-02-24,,,31.0,31.53,,,,,,
2017-02-25,,,31.0,31.53,,,,,,
2017-02-26,,,31.0,21.99,,,,,,
2017-02-27,,,31.0,21.99,,,,,,
2017-02-28,,,31.0,21.99,,,,,,
2017-03-01,,,31.0,21.99,,,,,,
2017-03-02,,,31.0,21.99,,,,,,
2017-03-03,,,31.0,21.99,,,,,,
2017-03-04,,,31.0,21.99,,,,,,
2017-03-05,,,31.0,21.99,,,,,,
2017-03-06,,,31.0,21.99,,,,,,
2017-03-07,,,31.0,21.99,,,,,,
2017-03-08,,,31.0,21.99,,,,,,
2017-03-09,,,21.7,21.99,,,,,,
2017-03-10,,,24.634999999999998,21.99,,,,,,
2017-03-11,,,27.57,21.99,,,,,,
2017-03-12,,,31.0,21.99,,,,,,
2017-03-13,,,31.0,21.99,,,,,,
2017-03-14,,,31.0,21.99,,,,,,
2017-03-15,,,31.0,21.99,,,,,,
2017-03-16,,,31.0,21.99,,,,,,
2017-03-17,,,31.0,21.99,,,,,,
2017-03-18,,,30.96,21.99,,,,,,
2017-03-19,,,30.96,21.99,,,,,,
2017-03-20,,,30.96,21.99,,,,,,
2017-03-21,,,21.7,21.99,,,,,,
2017-03-22,,,21.67,21.99,,,,,,
2017-03-23,,,21.67,21.99,,,,,,
2017-03-24,,,21.67,21.99,,,,,,
2017-03-25,,,30.96,21.99,,,,,,
2017-03-26,,,30.96,21.99,,,,,,
2017-03-27,,,30.96,21.99,,,,,,
2017-03-28,,,30.96,21.99,,,,,,
2017-03-29,,,30.96,21.99,,,,,,
2017-03-30,,,30.96,21.99,,,,,,
2017-03-31,,,30.96,21.99,,,,,,
2017-04-01,,,30.96,21.99,,,,,,
2017-04-02,,,30.96,21.99,,,,,,
2017-04-03,,,30.96,21.99,,,,,,
2017-04-04,,,27.58,21.99,,,,,,
2017-04-05,,,27.58,21.99,,,,,,
2017-04-06,,,30.96,21.99,,,,,,
2017-04-07,,,30.96,21.99,,,,,,
2017-04-08,,,30.96,21.99,,,,,,
2017-04-09,,,30.96,21.99,,,,,,
2017-04-10,,,30.96,21.99,,,,,,
2017-04-11,,,30.96,21.99,,,,,,
2017-04-12,,,30.96,21.99,,,,,,
2017-04-13,,,30.96,21.99,,,,,,
2017-04-14,,,30.96,21.99,,,,,,
2017-04-15,,,30.96,21.99,,,,,,
2017-04-16,,,30.96,21.99,,,,,,
2017-04-17,,,30.96,21.99,,,,,,
2017-04-18,,,30.96,21.99,,,,,,
2017-04-19,,,30.96,21.99,,,,,,
2017-04-20,,,30.96,21.99,,,,,,
2017-04-21,,,30.96,21.99,,,,,,
2017-04-22,,,30.96,21.99,,,,,,
2017-04-23,,,30.96,21.99,,,,,,
2017-04-24,,,30.96,21.99,,,,,,
2017-04-25,,,30.96,17.99,,,,,,
2017-04-26,,,30.96,17.99,,,,,,
2017-04-27,,,30.96,17.99,,,,,,
2017-04-28,,,30.96,17.99,,,,,,
2017-04-29,,,30.96,17.99,,,,,,
2017-04-30,,,30.96,17.99,,,,,,
2017-05-01,,,30.96,17.99,,,,,,
2017-05-02,,,30.96,17.99,,,,,,
2017-05-03,,,30.96,17.99,,,,,,
2017-05-04,,,30.96,17.99,,,,,,
2017-05-05,,,30.96,17.99,,,,,,
2017-05-06,,,30.96,17.99,,,,,,
2017-05-07,,,30.96,17.99,,,,,,
2017-05-08,,,30.96,17.99,,,,,,
2017-05-09,,,30.96,17.99,,,,,,
2017-05-10,,,30.96,17.99,,,,,,
2017-05-11,,,30.96,17.99,,,,,,
2017-05-12,,,30.96,17.99,,,,,,
2017-05-13,,,30.96,17.99,,,,,,
2017-05-14,,,30.96,17.99,,,,,,
2017-05-15,,,30.96,17.99,,,,,,
2017-05-16,,,30.96,17.99,,,,,,
2017-05-17,,,30.96,17.99,,,,,,
2017-05-18,,,30.96,17.99,,,,,,
2017-05-19,,,30.96,17.99,,,,,,
2017-05-20,,,30.96,17.99,,,,,,
2017-05-21,,,30.96,17.99,,,,,,
2017-05-22,,,30.96,17.99,,,,,,
2017-05-23,,,30.96,17.99,,,,,,
2017-05-24,,,30.96,17.99,,,,,,
2017-05-25,,,30.96,17.99,,,,,,
2017-05-26,,,30.96,17.99,,,,,,
2017-05-27,,,30.96,17.99,,,,,,
2017-05-28,,,30.96,17.99,,,,,,
2017-05-29,,,30.96,17.99,,,,,,
2017-05-30,,,30.96,17.99,,,,,,
2017-05-31,,,30.96,17.99,,,,,,
2017-06-01,,,30.96,17.99,,,,,,
2017-06-02,,,30.96,17.99,,,,,,
2017-06-03,,,30.96,17.99,,,,,,
2017-06-04,,,30.96,17.99,,,,,,
2017-06-05,,,30.96,17.99,,,,,,
2017-06-06,,,30.96,17.99,,,,,,
2017-06-07,,,30.96,17.99,,,,,,
2017-06-08,,,30.96,17.99,,,,,,
2017-06-09,,,30.96,17.99,,,,,,
2017-06-10,,,30.96,17.99,,,,,,
2017-06-11,,,30.96,17.99,,,,,,
2017-06-12,,,30.96,21.99,,,,,,
2017-06-13,,,30.96,21.99,,,,,,
2017-06-14,,,30.96,21.99,,,,,,
2017-06-15,,,30.96,21.99,,,,,,
2017-06-16,,,30.96,21.99,,,,,,
2017-06-17,,,30.96,21.99,,,,,,
2017-06-18,,,30.96,21.99,,,,,,
2017-06-19,,,30.96,21.99,,,,,,
2017-06-20,,,30.96,21.99,,,,,,
2017-06-21,,,30.96,21.99,,,,,,
2017-06-22,,,30.96,21.99,,,,,,
2017-06-23,,,30.96,19.77,,,,,,
2017-06-24,,,30.96,19.77,,,,,,
2017-06-25,,,30.96,19.77,,,,,,
2017-06-26,,,30.96,23.88,,,,,,
2017-06-27,,,30.96,19.77,,,,,,
2017-06-28,,,30.96,19.77,,,,,,
2017-06-29,,,30.96,19.77,,,,,,
2017-06-30,,,30.96,19.77,,,,,,
2017-07-01,,,30.96,19.77,,,,,,
2017-07-02,,,30.96,19.77,,,,,,
2017-07-03,,,30.96,19.77,,,,,,
2017-07-04,,,30.96,19.77,,,,,,
2017-07-05,,,30.96,19.45,,,,,,
2017-07-06,,,30.96,19.45,,,,,,
2017-07-07,,,30.96,19.45,,,,,,
2017-07-08,,,30.96,19.45,,,,,,
2017-07-09,,,30.96,19.45,,,,,,
2017-07-10,,,30.96,19.45,,,,,,
2017-07-11,,,30.96,19.45,,,,,,
2017-07-12,,,30.96,19.45,,,,,,
2017-07-13,,,30.96,19.45,,,,,,
2017-07-14,,,30.96,20.94,,,,,,
2017-07-15,,,30.96,17.99,,,,,,
2017-07-16,,,30.96,17.99,,,,,,
2017-07-17,,,30.96,17.99,,,,,,
2017-07-18,,,30.96,17.99,,,,,,
2017-07-19,,,30.96,17.99,,,,,,
2017-07-20,,,30.96,20.94,,,,,,
2017-07-21,,,30.96,20.94,,,,,,
2017-07-22,,,30.96,20.94,,,,,,
2017-07-23,,,30.96,20.94,,,,,,
2017-07-24,,,30.96,20.94,,,,,,
2017-07-25,,,30.96,20.94,,,,,,
2017-07-26,,,30.96,20.94,,,,,,
2017-07-27,,,30.96,20.94,,,,,,
2017-07-28,,,30.96,20.94,,,,,,
2017-07-29,,,30.96,20.94,,,,,,
2017-07-30,,,30.96,20.94,,,,,,
2017-07-31,,,30.96,20.94,,,,,,
2017-08-01,,,30.96,20.94,,,,,,
2017-08-02,,,30.96,20.94,,,,,,
2017-08-03,,,30.96,20.94,,,,,,
2017-08-04,,,30.96,20.94,,,,,,
2017-08-05,,,30.96,20.94,,,,,,
2017-08-06,,,30.96,20.94,,,,,,
2017-08-07,,,30.96,20.94,,,,,,
2017-08-08,,,30.96,20.94,,,,,,
2017-08-09,,,30.96,20.94,,,,,,
2017-08-10,,,30.96,20.94,,,,,,
2017-08-11,,,30.96,20.94,,,,,,
2017-08-12,,,30.96,20.94,,,,,,
2017-08-13,,,30.96,20.94,,,,,,
2017-08-14,,,30.96,20.94,,,,,,
2017-08-15,,,30.96,20.94,,,,,,
2017-08-16,,,30.96,20.94,,,,,,
2017-08-17,,,30.96,20.94,,,,,,
2017-08-18,,,30.96,20.94,,,,,,
2017-08-19,,,30.96,19.15,,,,,,
2017-08-20,,,30.96,19.15,,,,,,
2017-08-21,,,30.96,19.15,,,,,,
2017-08-22,,,30.96,19.15,,,,,,
2017-08-23,,,30.96,19.15,,,,,,
2017-08-24,,,30.96,19.15,,,,,,
2017-08-25,,,30.96,19.15,,,,,,
2017-08-26,,32.93,30.96,19.15,,,,,,
2017-08-27,,32.93,30.96,19.15,,,,,,
2017-08-28,,32.93,30.96,19.15,,,,,,
2017-08-29,,32.93,30.96,19.15,,,,,,
2017-08-30,,32.93,30.96,19.15,,,,,,
2017-08-31,,32.93,30.96,19.15,,,,,,
2017-09-01,,32.93,30.96,19.15,,,,,,
2017-09-02,,32.93,30.96,19.15,,,,,,
2017-09-03,,32.93,30.96,19.15,,,,,,
2017-09-04,,32.93,30.96,19.15,,,,,,
2017-09-05,,32.93,30.96,19.15,,,,,,
2017-09-06,,32.93,30.96,19.15,,,,,,
2017-09-07,,32.93,30.96,19.15,,40.42,,,,
2017-09-08,,32.93,30.96,19.15,,40.42,,,,
2017-09-09,,32.93,30.96,19.15,,40.42,,,,
2017-09-10,,32.93,30.96,19.15,,40.42,,,,
2017-09-11,,32.93,30.96,19.15,,40.42,,,,
2017-09-12,,32.93,30.96,19.15,,40.42,,,,
2017-09-13,,32.93,30.96,19.15,,40.42,,,,
2017-09-14,,32.93,30.96,19.15,,40.42,,,,
2017-09-15,,32.93,30.96,19.15,,40.42,,,,
2017-09-16,,32.93,30.96,19.15,,40.42,,,,
2017-09-17,,32.93,30.96,19.15,,40.42,,,,
2017-09-18,,32.93,30.96,19.15,,40.42,,,,
2017-09-19,,32.93,30.96,19.15,,40.42,,,,
2017-09-20,,32.93,30.96,19.15,,40.42,,,,
2017-09-21,,32.93,30.96,19.15,,40.42,,,,
2017-09-22,,32.93,30.96,19.15,,40.42,,,,
2017-09-23,,32.93,30.96,19.15,,40.42,,,,
2017-09-24,,32.93,30.96,19.15,,40.42,,,,
2017-09-25,,32.93,30.96,19.15,,40.42,,,,
2017-09-26,,32.93,30.96,19.15,,40.42,,,,
2017-09-27,,32.93,30.96,19.15,,40.42,,,,
2017-09-28,,32.93,30.96,19.15,,40.42,,,,
2017-09-29,,32.93,30.96,17.73,,40.42,,,,
2017-09-30,,32.93,30.96,17.73,,40.42,,,,
2017-10-01,,32.93,30.96,17.73,,40.42,,,,
2017-10-02,,32.93,30.96,17.73,,40.42,,,,
2017-10-03,,32.93,30.96,17.73,,40.42,,,,
2017-10-04,,32.93,30.96,17.73,,40.42,,,,
2017-10-05,,32.93,30.96,17.73,,40.42,,,,
2017-10-06,,32.93,30.96,23.78,,40.42,,,,
2017-10-07,,32.93,30.96,23.78,,40.42,,,,
2017-10-08,,32.93,30.96,23.78,,40.42,,,,
2017-10-09,,32.93,30.96,23.78,,40.42,,,,
2017-10-10,,32.93,30.96,23.78,,40.42,,,,
2017-10-11,,32.93,30.96,17.99,,40.42,,,,
2017-10-12,,32.93,30.96,11.28,,40.42,,,,
2017-10-13,,32.93,30.96,17.99,,40.42,,,,
2017-10-14,,32.93,30.96,11.28,,40.42,,,,
2017-10-15,,32.93,30.96,11.28,,40.42,,,,
2017-10-16,,32.93,30.96,17.99,,40.42,,,,
2017-10-17,,32.93,30.96,11.28,,40.42,,,,
2017-10-18,,32.93,30.96,11.28,,40.42,,,,
2017-10-19,,32.93,30.96,17.99,,40.42,,,,
2017-10-20,,32.93,30.96,14.183333333333332,,40.42,,,,
2017-10-21,,32.93,30.96,14.183333333333332,,40.42,,,,
2017-10-22,,32.93,30.96,21.286666666666665,,40.42,,,,
2017-10-23,,32.93,30.96,11.28,,40.42,,,,
2017-10-24,,32.93,30.96,11.28,,40.42,,,,
2017-10-25,,32.93,30.96,21.935,,40.42,,,,
2017-10-26,,32.93,30.96,21.935,,40.42,,,,
2017-10-27,,32.93,30.96,21.935,,40.42,,,,
2017-10-28,,32.93,30.96,21.935,,40.42,,,,
2017-10-29,,32.93,30.96,23.88,,40.42,,,,
2017-10-30,,32.93,30.96,19.99,,40.42,,,,
2017-10-31,,32.93,30.96,19.99,,40.42,,,,
2017-11-01,,32.93,30.96,19.99,,40.42,,,,
2017-11-02,,32.93,30.96,21.935,,40.42,,,,
2017-11-03,,32.93,30.96,21.935,,40.42,,,,
2017-11-04,,32.93,30.96,21.935,,40.42,,,,
2017-11-05,,32.93,30.96,21.935,,40.42,,,,
2017-11-06,,32.93,30.96,21.935,,40.42,,,,
2017-11-07,,32.93,30.96,23.88,,40.42,,,,
2017-11-08,,32.93,30.96,23.88,,40.42,,,,
2017-11-09,,32.93,30.96,23.88,,40.42,,,,
2017-11-10,,32.93,30.96,23.88,,40.42,,,,
2017-11-11,,32.93,30.96,23.88,,40.42,,,,
2017-11-12,,32.93,30.96,23.88,,40.42,,,,
2017-11-13,,32.93,30.96,23.88,,40.42,,,,
2017-11-14,,32.93,30.96,23.88,,40.42,,,,
2017-11-15,,32.93,30.96,23.88,,40.42,,,,
2017-11-16,,32.93,30.96,23.88,,40.42,,,,
2017-11-17,,32.93,30.96,19.99,,40.42,,,,
2017-11-18,,32.93,30.96,19.99,,40.42,,,,
2017-11-19,,32.93,30.96,19.99,,40.42,,,,
2017-11-20,,32.93,30.96,19.99,,40.42,,,,
2017-11-21,,32.93,30.96,19.99,,40.42,,,,
2017-11-22,,32.93,30.96,21.935,,40.42,,,,
2017-11-23,,32.93,30.96,21.935,,40.42,,,,
2017-11-24,,32.93,30.96,23.88,,40.42,,,,
2017-11-25,,32.93,30.96,19.99,,40.42,,,,
2017-11-26,,32.93,30.96,19.99,,40.42,,,,
2017-11-27,,32.93,30.96,23.88,,40.42,,,,
2017-11-28,,32.93,30.96,19.99,,40.42,,,,
2017-11-29,,32.93,30.96,19.99,,40.42,,,,
2017-11-30,,32.93,30.96,23.88,,40.42,,,,
2017-12-01,,32.93,30.96,23.88,,40.42,,,,
2017-12-02,,32.93,30.96,19.99,,40.42,,,,
2017-12-03,,32.93,30.96,23.88,,40.42,,,,
2017-12-04,,32.93,30.96,21.935,,40.42,,,,
2017-12-05,,32.93,30.96,21.935,,40.42,,,,
2017-12-06,,32.93,30.96,21.935,,40.42,,,,
2017-12-07,,32.93,30.96,19.99,,40.42,,,,
2017-12-08,,32.93,30.96,23.88,,40.42,,,,
2017-12-09,,32.93,30.96,19.99,,40.42,,,,
2017-12-10,,32.93,30.96,19.99,,40.42,,,,
2017-12-11,,32.93,30.96,22.583333333333332,,40.42,,,,
2017-12-12,,32.93,30.96,19.99,,40.42,,,,
2017-12-13,,32.93,30.96,21.935,,40.42,,,,
2017-12-14,,32.93,30.96,21.935,,40.42,,,,
2017-12-15,,32.93,30.96,21.935,,40.42,,,,
2017-12-16,,32.93,30.96,21.935,,40.42,,,,
2017-12-17,,32.93,30.96,21.935,,40.42,,,,
2017-12-18,,32.93,30.96,21.935,,40.42,,,,
2017-12-19,,32.93,30.96,23.88,,40.42,,,,
2017-12-20,,32.93,30.96,23.88,,40.42,,,,
2017-12-21,,32.93,30.96,19.99,,40.42,,,,
2017-12-22,,32.93,30.96,19.99,,40.42,,,,
2017-12-23,,32.93,30.96,23.88,,40.42,,,,
2017-12-24,,32.93,30.96,21.935,,40.42,,,,
2017-12-25,,32.93,30.96,19.99,,40.42,,,,
2017-12-26,,32.93,30.96,19.99,,40.42,,,,
2017-12-27,,32.93,30.96,21.935,,40.42,,,,
2017-12-28,,32.93,30.96,23.88,,40.42,,,,
2017-12-29,,32.93,30.96,19.99,,40.42,,,,
2017-12-30,,32.93,30.96,19.99,,40.42,,,,
2017-12-31,,32.93,30.96,21.935,,40.42,,,,
2018-01-01,,32.93,30.96,21.935,,40.42,,,,
2018-01-02,,32.93,30.96,21.935,,40.42,,,,
2018-01-03,,32.93,28.630000000000003,21.935,,40.42,,,,
2018-01-04,,32.93,28.630000000000003,21.935,,40.42,,,,
2018-01-05,,32.93,27.87,21.935,,40.42,,,,
2018-01-06,,32.93,28.31,21.935,,40.42,,,,
2018-01-07,,32.93,28.24,21.935,,40.42,,,,
2018-01-08,,32.93,30.96,21.935,,40.42,,,,
2018-01-09,,32.93,30.96,21.935,,40.42,,,,
2018-01-10,,32.93,30.96,23.88,,40.42,,,,
2018-01-11,,32.93,30.96,19.99,,40.42,,,,
2018-01-12,,32.93,30.96,19.99,,40.42,,,,
2018-01-13,,32.93,30.96,19.99,,40.42,,,,
2018-01-14,,32.93,30.96,19.99,,40.42,,,,
2018-01-15,,32.93,30.96,19.99,,40.42,,,,
2018-01-16,,32.93,30.96,19.99,,40.42,,,,
2018-01-17,,32.93,30.96,19.99,,40.42,,,,
2018-01-18,,32.93,30.96,19.99,,40.42,,,,
2018-01-19,,32.93,28.68,19.99,,40.42,,,,
2018-01-20,,32.93,28.68,19.99,,40.42,,,,
2018-01-21,,32.93,28.68,19.99,,40.42,,,,
2018-01-22,,32.93,28.68,19.99,,40.42,,,,
2018-01-23,,32.93,28.68,19.99,,40.42,,,,
2018-01-24,,32.93,28.68,23.88,,40.42,,,,
2018-01-25,,32.93,28.68,19.99,,40.42,,,,
2018-01-26,,32.93,28.68,19.99,,40.42,,,,
2018-01-27,,32.93,28.68,19.99,,40.42,,,,
2018-01-28,,32.93,28.68,19.99,,40.42,,,,
2018-01-29,,32.93,28.68,19.99,,40.42,,,,
2018-01-30,,32.93,28.68,19.99,,40.42,,,,
2018-01-31,,32.93,28.68,19.99,,40.42,,,,
2018-02-01,,32.93,30.96,19.99,,40.42,,,,
2018-02-02,,32.93,30.96,19.99,,40.42,,,,
2018-02-03,,32.93,30.96,19.99,,40.42,,,,
2018-02-04,,32.93,30.96,19.99,,40.42,,,,
2018-02-05,,32.93,30.96,19.99,,40.42,,,,
2018-02-06,,32.93,30.96,19.99,,40.42,,,,
2018-02-07,,32.93,30.96,19.99,,40.42,,,,
2018-02-08,,32.93,30.96,19.99,,40.42,,,,
2018-02-09,,32.93,30.96,19.99,,40.42,,,,
2018-02-10,,32.93,30.96,19.99,,40.42,,,,
2018-02-11,,32.93,30.96,19.99,,40.42,,,,
2018-02-12,,32.93,30.96,19.99,,40.42,,,,
2018-02-13,,32.93,30.96,19.99,,40.42,,,,
2018-02-14,,32.93,30.96,19.99,,40.42,,,,
2018-02-15,,32.93,30.96,19.98,,40.42,,,,
2018-02-16,,32.93,30.96,19.98,,40.42,,,,
2018-02-17,,32.93,30.96,19.98,,40.42,,,,
2018-02-18,,32.93,30.96,19.98,,40.42,,,,
2018-02-19,,32.93,30.96,19.98,,40.42,,,,
2018-02-20,,32.93,30.96,19.98,,40.42,,,,
2018-02-21,,32.93,30.96,19.98,,40.42,,,,
2018-02-22,,32.93,26.57,19.98,,40.42,,,,
2018-02-23,,32.93,26.57,19.98,,40.42,,,,
2018-02-24,,32.93,26.57,19.98,,40.42,,,,
2018-02-25,,32.93,26.18,19.98,,40.42,,,,
2018-02-26,,32.93,25.63,19.99,,40.42,,,,
2018-02-27,,32.93,25.26,19.99,,40.42,,,,
2018-02-28,,32.93,25.1,19.99,,40.42,,,,
2018-03-01,,32.93,24.68,19.99,,40.42,,,,
2018-03-02,,32.93,24.56,19.99,,40.42,,,,
2018-03-03,,32.93,24.54,19.99,,40.42,,,,
2018-03-04,,32.93,24.54,19.99,,40.42,,,,
2018-03-05,,32.93,24.28,19.99,,40.42,,,,
2018-03-06,,32.93,24.28,19.99,,40.42,,,,
2018-03-07,,32.93,24.87,19.99,,40.42,,,,
2018-03-08,,32.93,24.87,21.935,,40.42,,,,
2018-03-09,,32.93,25.244999999999997,21.935,,40.42,,,,
2018-03-10,,32.93,25.76,23.88,,40.42,,,,
2018-03-11,,32.93,25.72,19.99,,40.42,,,,
2018-03-12,,32.93,25.63,21.935,,40.42,,,,
2018-03-13,,14.76,25.8,21.935,,40.42,,,,
2018-03-14,,14.76,25.17,21.935,,40.42,,,,
2018-03-15,,14.76,25.17,21.935,,40.42,,,,
2018-03-16,,14.76,25.87,21.935,,40.42,,,,
2018-03-17,,14.76,25.17,21.935,,40.42,,,,
2018-03-18,,14.76,25.17,21.935,,40.42,,,,
2018-03-19,,14.76,26.04,21.935,,40.42,,,,
2018-03-20,,14.76,25.17,22.583333333333332,,40.42,,,,
2018-03-21,,14.76,25.656666666666666,19.99,,40.42,,,,
2018-03-22,,14.76,25.656666666666666,19.99,,40.42,,,,
2018-03-23,,14.76,25.525,19.99,,40.42,,,,
2018-03-24,,14.76,25.525,19.99,,40.42,,,,
2018-03-25,,14.76,25.955,19.99,,40.42,,,,
2018-03-26,,14.76,25.83,19.99,,40.42,,,,
2018-03-27,,14.76,25.83,23.88,,40.42,,,,
2018-03-28,,14.76,25.83,23.88,,40.42,,,,
2018-03-29,,14.76,25.83,23.88,,40.42,,,,
2018-03-30,,14.76,25.83,19.99,,40.42,,,,
2018-03-31,,14.76,25.83,23.88,,40.42,,,,
2018-04-01,,14.76,25.83,23.88,,40.42,,,,
2018-04-02,,14.76,25.83,19.99,,40.42,,,,
2018-04-03,,14.76,25.83,21.935,,40.42,,,,
2018-04-04,,14.76,25.83,19.98,,40.42,,,,
2018-04-05,,14.76,25.83,19.98,,40.42,,,,
2018-04-06,,14.76,25.83,19.98,,40.42,,,,
2018-04-07,,14.76,25.83,19.98,,40.42,,,,
2018-04-08,,14.76,30.96,19.98,,40.42,,,,
2018-04-09,,14.76,30.96,19.98,,40.42,,,,
2018-04-10,,14.76,30.96,19.98,,40.42,,,,
2018-04-11,,14.76,30.96,19.98,,40.42,,,,
2018-04-12,,14.76,30.96,19.98,,40.42,,,,
2018-04-13,,14.76,30.96,19.98,,40.42,,,,
2018-04-14,,14.76,30.96,19.98,,40.42,,,,
2018-04-15,,14.76,30.96,21.98,,40.42,,,,
2018-04-16,,14.76,30.96,21.98,,40.42,,,,
2018-04-17,,14.76,30.96,21.98,,40.42,,,,
2018-04-18,,14.76,30.96,21.98,,40.42,,,,
2018-04-19,,14.76,30.96,22.68,,40.42,,,,
2018-04-20,,14.76,30.96,21.335,,40.42,,,,
2018-04-21,,14.76,30.96,21.335,,40.42,,,,
2018-04-22,,14.76,30.96,20.886666666666667,,40.42,,,,
2018-04-23,,14.76,30.96,22.00333333333333,,40.42,,,,
2018-04-24,,14.76,30.96,22.00333333333333,,40.42,,,,
2018-04-25,,14.76,30.96,22.00333333333333,,40.42,,,,
2018-04-26,,14.76,30.96,21.335,,40.42,,,,
2018-04-27,,14.76,30.96,20.886666666666667,,40.42,,,,
2018-04-28,,14.76,30.96,20.886666666666667,,40.42,,,,
2018-04-29,,14.76,30.96,21.335,,40.42,,,,
2018-04-30,,14.76,30.96,22.68,,40.42,,,,
2018-05-01,,14.76,30.96,22.68,,40.42,,,,
2018-05-02,,14.76,30.96,22.68,,40.42,,,,
2018-05-03,,14.76,30.96,21.335,,40.42,,,,
2018-05-04,,14.76,30.96,21.335,,40.42,,,,
2018-05-05,,14.76,30.96,21.703333333333333,,40.42,,,,
2018-05-06,,14.76,30.96,21.275,,40.42,,,,
2018-05-07,,14.76,30.96,21.275,,40.42,,,,
2018-05-08,,14.76,30.96,21.275,,40.42,,,,
2018-05-09,,14.76,30.96,21.275,,40.42,,,,
2018-05-10,,14.76,30.96,22.619999999999997,,40.42,,,,
2018-05-11,,14.76,30.96,22.619999999999997,,40.42,,,,
2018-05-12,,14.76,30.96,22.619999999999997,,40.42,,,,
2018-05-13,,14.76,30.96,22.619999999999997,,40.42,,,,
2018-05-14,,14.76,30.96,22.619999999999997,,40.42,,,,
2018-05-15,,14.76,30.96,22.619999999999997,,40.42,,,,
2018-05-16,,14.76,30.96,22.68,,40.42,,,,
2018-05-17,,14.76,30.96,22.68,,40.42,,,,
2018-05-18,,14.76,30.96,22.68,,40.42,,,,
2018-05-19,,14.76,30.96,22.68,,40.42,,,,
2018-05-20,,14.76,30.96,22.68,,40.42,,,,
2018-05-21,,14.76,30.96,22.68,,40.42,,,,
2018-05-22,,14.76,30.96,22.68,,40.42,,,,
2018-05-23,,14.76,30.96,22.68,,40.42,,,,
2018-05-24,,14.76,30.96,22.68,,40.42,,,,
2018-05-25,,14.76,30.96,22.68,,40.42,,,,
2018-05-26,,14.76,30.96,22.68,,40.42,,,,
2018-05-27,,14.76,30.96,22.68,,40.42,,,,
2018-05-28,,14.76,30.96,22.68,,40.42,,,,
2018-05-29,,14.76,30.96,22.68,,40.42,,,,
2018-05-30,,14.76,30.96,22.68,,40.42,,,,
2018-05-31,,14.76,30.96,19.99,,40.42,,,,
2018-06-01,,14.76,30.96,19.99,,40.42,,,,
2018-06-02,,14.76,30.96,19.99,,40.42,,,,
2018-06-03,,14.76,30.96,19.99,,40.42,,,,
2018-06-04,,14.76,30.96,19.99,,40.42,,,,
2018-06-05,,14.76,30.96,19.99,,40.42,,,,
2018-06-06,,14.76,30.96,19.99,,40.42,,,,
2018-06-07,,14.76,30.96,22.56,,40.42,,,,
2018-06-08,,14.76,30.96,22.56,,40.42,,,,
2018-06-09,,14.76,30.96,22.56,,40.42,,,,
2018-06-10,,14.76,30.96,22.56,,40.42,,,,
2018-06-11,,14.76,30.96,22.56,,40.42,,,,
2018-06-12,,14.76,30.96,22.56,,40.42,,,,
2018-06-13,,14.76,30.96,22.56,,40.42,,,,
2018-06-14,,14.76,30.96,23.88,,40.42,,,,
2018-06-15,,14.76,30.96,22.14333333333333,,40.42,,,,
2018-06-16,,14.76,30.96,21.604999999999997,,40.42,,,,
2018-06-17,,14.76,30.96,21.935,,40.42,,,,
2018-06-18,,14.76,30.96,23.88,,40.42,,,,
2018-06-19,,14.76,30.96,21.275,,40.42,,,,
2018-06-20,,14.76,30.96,23.88,,40.42,,,,
2018-06-21,,14.76,30.96,22.14333333333333,,40.42,,,,
2018-06-22,,14.76,30.96,21.935,,40.42,,,,
2018-06-23,,14.76,30.96,22.56,,40.42,,,,
2018-06-24,,14.76,30.96,22.56,,40.42,,,,
2018-06-25,,14.76,30.96,23.88,,40.42,,,,
2018-06-26,,14.76,30.96,23.88,,40.42,,,,
2018-06-27,,14.76,30.96,23.88,,40.42,,,,
2018-06-28,,14.76,30.96,23.88,,40.42,,,,
2018-06-29,,14.76,30.96,22.56,,40.42,,,,
2018-06-30,,14.76,30.96,22.56,,40.42,,,,
2018-07-01,,14.76,30.96,20.28,,40.42,,,,
2018-07-02,,14.76,30.96,22.27,,40.42,,,,
2018-07-03,,14.76,30.96,22.27,,40.42,,,,
2018-07-04,,14.76,30.96,22.27,,40.42,,,,
2018-07-05,,14.76,30.96,22.56,,40.42,,,,
2018-07-06,,14.76,30.96,22.56,,40.42,,,,
2018-07-07,,14.76,30.96,22.56,,40.42,,,,
2018-07-08,,14.76,30.96,22.56,,40.42,,,,
2018-07-09,,14.76,30.96,22.56,,40.42,,,,
2018-07-10,,14.76,30.96,22.56,,40.42,,,,
2018-07-11,,14.76,30.96,21.98,,40.42,,,,
2018-07-12,,14.76,30.96,21.98,,40.42,,,,
2018-07-13,,14.76,30.96,21.98,,40.42,,,,
2018-07-14,,14.76,30.96,21.98,,40.42,,,,
2018-07-15,,14.76,30.96,21.98,,40.42,,,,
2018-07-16,,14.76,30.96,21.98,,40.42,,,,
2018-07-17,,14.76,30.96,21.98,,40.42,,,,
2018-07-18,,14.76,24.28,21.98,,40.42,,,,
2018-07-19,,14.76,24.28,21.98,,40.42,,,,
2018-07-20,,14.76,24.28,21.98,,40.42,,,,
2018-07-21,,14.76,24.28,21.98,,40.42,,,,
2018-07-22,,14.76,24.28,21.98,,40.42,,,,
2018-07-23,,14.76,24.28,21.98,,40.42,,,,
2018-07-24,,14.76,24.28,19.99,,40.42,,,,
2018-07-25,,14.76,24.28,19.99,,40.42,,,,
2018-07-26,,14.76,24.28,19.99,,40.42,,,,
2018-07-27,,14.76,24.28,19.99,,40.42,,,,
2018-07-28,,14.76,24.28,19.99,,40.42,,,,
2018-07-29,,14.76,24.28,19.99,,40.42,,,,
2018-07-30,,14.76,24.28,19.99,,40.42,,,,
2018-07-31,,14.76,24.28,19.99,,40.42,,,,
2018-08-01,,14.76,24.28,19.99,,40.42,,,,
2018-08-02,,14.76,24.28,19.99,,40.42,,,,
2018-08-03,,6.79,24.28,19.99,,40.42,,,,
2018-08-04,,6.79,24.28,19.99,,40.42,,,,
2018-08-05,,6.79,24.28,19.99,,40.42,,,,
2018-08-06,,6.79,24.28,19.99,,40.42,,,,
2018-08-07,,6.79,24.28,19.99,,40.42,,,,
2018-08-08,,6.79,24.28,19.99,,40.42,,,,
2018-08-09,,6.79,24.28,19.99,,40.42,,,,
2018-08-10,,6.79,24.28,19.99,,40.42,,,,
2018-08-11,,6.79,24.28,19.99,,40.42,,,,
2018-08-12,,6.79,24.28,19.98,,40.42,,,,
2018-08-13,,6.79,24.28,19.98,,40.42,,,,
2018-08-14,,6.79,24.28,19.98,,40.42,,,,
2018-08-15,,6.79,24.28,19.98,,40.42,,,,
2018-08-16,,6.79,24.28,21.93,,40.42,,,,
2018-08-17,,6.79,24.28,21.93,,40.42,,,,
2018-08-18,,6.79,24.28,21.93,,40.42,,,,
2018-08-19,,6.79,24.28,21.93,,40.42,,,,
2018-08-20,,6.79,24.28,21.93,,40.42,,,,
2018-08-21,,6.79,24.28,21.93,,40.42,,,,
2018-08-22,,6.79,24.28,21.93,,40.42,,,,
2018-08-23,,6.79,24.28,21.93,,40.42,,,,
2018-08-24,,6.79,24.28,21.93,,40.42,,,,
2018-08-25,,6.79,24.28,21.93,,40.42,,,,
2018-08-26,,6.79,24.28,19.99,,40.42,,,,
2018-08-27,,6.79,24.28,19.99,,40.42,,,,
2018-08-28,,6.79,24.28,19.99,,40.42,,,,
2018-08-29,,6.79,24.28,19.99,,40.42,,,,
2018-08-30,,6.79,24.28,19.99,,40.42,,,,
2018-08-31,,6.79,24.28,19.99,,40.42,,,,
2018-09-01,,6.79,24.28,19.99,,40.42,,,,
2018-09-02,,6.79,24.28,19.99,,40.42,,,,
2018-09-03,,6.79,24.28,19.99,,40.42,,,,
2018-09-04,,6.79,30.96,19.99,,40.42,,,,
2018-09-05,,6.79,30.96,19.99,,40.42,,,,
2018-09-06,,6.79,30.96,19.99,,40.42,,,,
2018-09-07,,6.79,30.96,19.99,,40.42,,,,
2018-09-08,,6.79,30.96,19.99,,40.42,,,,
2018-09-09,,6.79,30.96,19.99,,40.42,,,,
2018-09-10,,6.79,30.96,19.99,,40.42,,,,
2018-09-11,,6.79,30.96,19.99,,40.42,,,,
2018-09-12,,6.79,30.96,19.99,,40.42,,,,
2018-09-13,,6.79,30.96,19.99,,40.42,,,,
2018-09-14,,6.79,30.96,19.99,,40.42,,,,
2018-09-15,,6.79,30.96,19.99,,40.42,,,,
2018-09-16,,6.79,30.96,19.99,,40.42,,,,
2018-09-17,,6.79,30.96,19.99,,40.42,,,,
2018-09-18,,6.79,30.96,19.99,,40.42,,,,
2018-09-19,,6.79,30.96,19.99,,40.42,,,,
2018-09-20,,6.79,30.96,19.99,,40.42,,,,
2018-09-21,,6.79,30.96,19.99,,40.42,,,,
2018-09-22,,6.79,30.96,19.99,,40.42,,,,
2018-09-23,,6.79,30.96,19.99,,40.42,,,,
2018-09-24,,6.79,30.96,19.99,,40.42,,,,
2018-09-25,,6.79,30.96,19.99,,40.42,,,,
2018-09-26,,6.79,30.96,19.99,,40.42,,,,
2018-09-27,,6.79,30.96,19.99,,40.42,,,,
2018-09-28,,6.79,30.96,19.99,,40.42,,,,
2018-09-29,,6.79,30.96,19.99,,40.42,,,,
2018-09-30,,6.79,30.96,19.99,,40.42,,,,
2018-10-01,,4.98,30.96,19.99,,40.42,,,,
2018-10-02,,4.98,30.96,19.99,,40.42,,,,
2018-10-03,,4.98,30.96,19.99,,40.42,,,,
2018-10-04,,4.98,30.96,19.99,,40.42,,,,
2018-10-05,,4.98,30.96,21.98,,40.42,,,,
2018-10-06,,4.98,30.96,19.99,,40.42,,,,
2018-10-07,,4.98,30.96,19.99,,40.42,,,,
2018-10-08,,4.98,30.96,19.99,,40.42,,,,
2018-10-09,,4.98,30.96,21.98,,40.42,,,,
2018-10-10,,4.98,30.96,21.98,,40.42,,,,
2018-10-11,,4.98,30.96,21.98,,40.42,,,,
2018-10-12,,4.98,30.96,21.98,,40.42,,,,
2018-10-13,,4.98,30.96,21.98,,40.42,,,,
2018-10-14,,4.98,30.96,21.98,,40.42,,,,
2018-10-15,,4.98,30.96,21.98,,40.42,,,,
2018-10-16,,4.98,30.96,21.98,,40.42,,,,
2018-10-17,,4.98,30.96,21.98,,40.42,,,,
2018-10-18,,4.98,30.96,21.98,,40.42,,,,
2018-10-19,,4.98,30.96,21.98,,40.42,,,,
2018-10-20,,4.98,30.96,21.98,,40.42,,,,
2018-10-21,,4.98,30.96,21.98,,40.42,,,,
2018-10-22,,4.98,30.96,21.98,,40.42,,,,
2018-10-23,,4.98,30.96,21.98,,40.42,,,,
2018-10-24,,4.98,30.96,21.98,,40.42,,,,
2018-10-25,,4.98,30.96,21.98,,40.42,,,,
2018-10-26,,4.98,30.96,19.99,,40.42,,,,
2018-10-27,,4.98,30.96,19.99,,40.42,,,,
2018-10-28,,4.98,30.96,19.99,,40.42,,,,
2018-10-29,,4.98,30.96,19.99,,40.42,,,,
2018-10-30,,4.98,30.96,19.99,,40.42,,,,
2018-10-31,,4.98,30.96,19.99,,40.42,,,,
2018-11-01,,4.98,30.96,19.99,,40.42,,,,
2018-11-02,,4.98,30.96,19.98,,40.42,,,,
2018-11-03,,4.98,30.96,19.98,,40.42,,,,
2018-11-04,,4.98,30.96,19.98,,40.42,,,,
2018-11-05,,4.98,30.96,19.98,,40.42,,,,
2018-11-06,,4.98,30.96,19.98,,40.42,,,,
2018-11-07,,4.98,30.96,19.98,,40.42,,,,
2018-11-08,,4.98,30.96,19.98,,40.42,,,,
2018-11-09,,4.98,30.96,19.98,,40.42,,,,
2018-11-10,,13.19,30.96,19.98,,40.42,,,,
2018-11-11,,13.19,30.96,19.99,,40.42,,,,
2018-11-12,,13.19,30.96,19.99,,40.42,,,,
2018-11-13,,13.87,30.96,19.99,,40.42,,,,
2018-11-14,,13.25,30.96,19.99,,40.42,,,,
2018-11-15,,13.254999999999999,30.96,19.99,,40.42,,,,
2018-11-16,,13.254999999999999,30.96,19.99,,40.42,,,,
2018-11-17,,13.6,30.96,19.99,,40.42,,,,
2018-11-18,,12.87,30.96,19.99,,40.42,,,,
2018-11-19,,12.87,30.96,19.99,,40.42,,,,
2018-11-20,,12.87,30.96,19.99,,40.42,,,,
2018-11-21,,13.247499999999999,30.96,19.99,,40.42,,,,
2018-11-22,,13.247499999999999,30.96,19.99,,40.42,,,,
2018-11-23,,13.247499999999999,30.96,19.99,,40.42,,,,
2018-11-24,,13.625,30.96,19.99,,40.42,,,,
2018-11-25,,13.19,30.96,19.99,,40.42,,,,
2018-11-26,,13.19,30.96,19.99,,40.42,,,,
2018-11-27,,13.19,30.96,19.99,,40.42,,,,
2018-11-28,,13.19,30.96,19.99,,40.42,,,,
2018-11-29,,13.19,30.96,19.99,,40.42,,,,
2018-11-30,,13.19,30.96,19.99,,40.42,,,,
2018-12-01,,13.19,30.96,19.99,,40.42,,,,
2018-12-02,,13.19,30.96,19.99,,40.42,,,,
2018-12-03,,13.19,30.96,19.99,,40.42,,,,
2018-12-04,,13.19,30.96,19.99,,40.42,,,,
2018-12-05,,13.19,30.96,19.99,,40.42,,,,
2018-12-06,,13.19,30.96,19.99,,40.42,,,,
2018-12-07,,13.19,30.96,19.99,,40.42,,,,
2018-12-08,,13.19,30.96,19.99,,40.42,,,,
2018-12-09,,12.87,30.96,19.99,,40.42,,,,
2018-12-10,,13.19,30.96,19.99,,40.42,,,,
2018-12-11,,13.424999999999999,30.96,19.99,,40.42,,,,
2018-12-12,,13.43,30.96,19.99,,40.42,,,,
2018-12-13,,12.85,30.96,19.99,,40.42,,,,
2018-12-14,,12.85,30.96,19.99,,40.42,,,,
2018-12-15,,12.85,30.96,19.99,,40.42,,,,
2018-12-16,,12.85,30.96,19.99,,40.42,,,,
2018-12-17,,13.26,30.96,19.99,,40.42,,,,
2018-12-18,,13.28,30.96,19.99,,40.42,,,,
2018-12-19,,13.28,30.96,19.99,,40.42,,,,
2018-12-20,,13.28,30.96,19.99,,40.42,,,,
2018-12-21,,13.28,30.96,19.99,,40.42,,,,
2018-12-22,,13.28,30.96,19.99,,40.42,,,,
2018-12-23,,13.28,30.96,19.99,,40.42,,,,
2018-12-24,,13.28,30.96,19.99,,40.42,,,,
2018-12-25,,13.28,30.96,19.99,,40.42,,,,
2018-12-26,,13.28,30.96,19.99,,40.42,,,,
2018-12-27,,13.28,30.96,19.99,,40.42,,,,
2018-12-28,,13.28,30.96,19.99,,40.42,,,,
2018-12-29,,13.28,30.96,19.99,,40.42,,,,
2018-12-30,,13.28,30.96,19.99,,40.42,,,,
2018-12-31,,13.28,30.96,19.99,,40.42,,,,
2019-01-01,,13.28,30.96,19.99,,40.42,,,,
2019-01-02,,13.28,30.96,19.99,,40.42,,,,
2019-01-03,,13.28,30.96,19.99,,40.42,,,,
2019-01-04,,13.28,30.96,19.99,,40.42,,,,
2019-01-05,,13.28,30.96,19.99,,40.42,,,,
2019-01-06,,13.79,30.96,19.99,,40.42,,,,
2019-01-07,,13.79,30.96,19.99,,40.42,,,,
2019-01-08,,13.79,30.96,19.99,,40.42,,,,
2019-01-09,,13.79,30.96,19.99,,40.42,,,,
2019-01-10,,13.23,30.96,19.99,,40.42,,,,
2019-01-11,,13.23,30.96,19.99,,40.42,,,,
2019-01-12,,13.23,30.96,19.99,,40.42,,,,
2019-01-13,,13.23,30.96,19.99,,40.42,,,,
2019-01-14,,13.23,30.96,19.99,,40.42,,,,
2019-01-15,,13.23,30.96,19.99,,40.42,,,,
2019-01-16,,13.23,30.96,19.99,,40.42,,,,
2019-01-17,,13.23,30.96,19.99,,40.42,,,,
2019-01-18,,13.23,30.96,19.99,,40.42,,,,
2019-01-19,,13.23,30.96,19.99,,40.42,,,,
2019-01-20,,13.23,30.96,19.99,,40.42,,,,
2019-01-21,,13.23,30.96,19.99,,40.42,,,,
2019-01-22,,13.23,30.96,19.99,,40.42,,,,
2019-01-23,,13.23,30.96,19.99,,40.42,,,,
2019-01-24,,13.23,30.96,19.99,,40.42,,,,
2019-01-25,,13.23,30.96,19.99,,40.42,,,,
2019-01-26,,13.23,30.96,19.99,,40.42,,,,
2019-01-27,,13.23,30.96,19.99,,40.42,,,,
2019-01-28,,13.23,30.96,19.99,,40.42,,,,
2019-01-29,,13.23,30.96,19.99,,40.42,,,,
2019-01-30,,13.23,30.96,19.99,,40.42,,,,
2019-01-31,,13.23,30.96,19.99,,40.42,,,,
2019-02-01,,13.23,30.96,19.99,,40.42,,,,
2019-02-02,,13.23,30.96,19.99,,40.42,,,,
2019-02-03,,13.23,30.96,19.99,,40.42,,,,
2019-02-04,,13.23,30.96,19.99,,40.42,,,,
2019-02-05,,13.87,30.96,19.99,,40.42,,,,
2019-02-06,,13.87,30.96,19.99,,40.42,,,,
2019-02-07,,13.87,30.96,19.99,,40.42,,,,
2019-02-08,,13.87,30.96,19.99,,40.42,,,,
2019-02-09,,13.87,30.96,19.99,,40.42,,,,
2019-02-10,,13.87,30.96,19.99,,40.42,,,,
2019-02-11,,13.87,30.96,19.99,,40.42,,,,
2019-02-12,,18.13,30.96,19.99,,40.42,,,,
2019-02-13,,18.13,30.96,19.99,,40.42,,,,
2019-02-14,,18.13,30.96,19.99,,40.42,,,,
2019-02-15,,18.13,30.96,19.99,,40.42,,,,
2019-02-16,,18.13,30.96,19.99,,40.42,,,,
2019-02-17,,18.13,30.96,19.99,,40.42,,,,
2019-02-18,,18.13,30.96,19.99,,40.42,,,,
2019-02-19,,18.13,30.96,19.99,,40.42,,,,
2019-02-20,,18.13,30.96,19.99,,40.42,,,,
2019-02-21,,18.13,30.96,19.99,,40.42,,,,
2019-02-22,,18.13,30.96,19.99,,40.42,,,,
2019-02-23,,18.13,30.96,19.99,,40.42,,,,
2019-02-24,,18.13,30.96,19.99,,40.42,,,,
2019-02-25,,18.13,30.96,19.99,,40.42,,,,
2019-02-26,,18.13,30.96,19.99,,40.42,,,,
2019-02-27,,18.13,30.96,19.99,,40.42,,,,
2019-02-28,,18.13,30.96,19.99,,40.42,,,,
2019-03-01,,18.13,30.96,19.99,,40.42,,,,
2019-03-02,,18.13,30.96,19.99,,40.42,,,,
2019-03-03,,18.13,30.96,19.99,,40.42,,,,
2019-03-04,,18.13,30.96,19.99,,40.42,,,,
2019-03-05,,18.13,30.96,19.99,,40.42,,,,
2019-03-06,,18.13,30.96,19.99,,40.42,,,,
2019-03-07,,18.13,30.96,19.99,,40.42,,,,
2019-03-08,,18.13,30.96,19.99,,40.42,,,,
2019-03-09,,18.13,30.96,19.99,,40.42,,,,
2019-03-10,,18.13,30.96,19.99,,40.42,,,,
2019-03-11,,18.13,30.96,19.99,,40.42,,,,
2019-03-12,,18.13,30.96,19.99,,40.42,,,,
2019-03-13,,18.13,30.96,19.99,,40.42,,,,
2019-03-14,,18.13,30.96,19.99,,40.42,,,,
2019-03-15,,18.13,30.96,19.99,,40.42,,,,
2019-03-16,,18.13,30.96,19.99,,40.42,,,,
2019-03-17,,18.13,30.96,19.99,,40.42,,,,
2019-03-18,,18.13,30.96,19.99,,40.42,,,,
2019-03-19,,18.13,30.96,19.99,,40.42,,,,
2019-03-20,,18.13,30.96,19.99,,40.42,,,,
2019-03-21,,18.13,30.96,19.99,,40.42,,,,
2019-03-22,,18.13,30.96,19.99,,40.42,,,,
2019-03-23,,18.13,30.96,19.99,,40.42,,,,
2019-03-24,,18.13,30.96,19.99,,40.42,,,,
2019-03-25,,18.13,30.96,19.99,,40.42,,,,
2019-03-26,,18.13,30.96,19.99,,40.42,,,,
2019-03-27,,18.13,30.96,19.99,,40.42,,,,
2019-03-28,,18.13,30.96,19.99,,40.42,,,,
2019-03-29,,18.13,30.96,19.99,,40.42,,,,
2019-03-30,,18.13,30.96,19.99,,40.42,,,,
2019-03-31,,18.13,30.96,19.99,,40.42,,,,
2019-04-01,,18.13,30.96,18.995,,40.42,,,,
2019-04-02,,18.13,30.96,18.995,,40.42,,,,
2019-04-03,,18.13,30.96,18.995,,40.42,,,,
2019-04-04,,18.13,30.96,18.995,,40.42,,,,
2019-04-05,,18.13,30.96,18.995,,40.42,,,,
2019-04-06,,17.91,30.96,18.995,,40.42,,,,
2019-04-07,,17.91,30.96,19.985,,40.42,,,,
2019-04-08,,16.75,30.96,18.995,,40.42,,,,
2019-04-09,,16.75,30.96,18.995,,40.42,,,,
2019-04-10,,28.79,30.96,19.323333333333334,,40.42,,,,
2019-04-11,,28.79,30.96,19.98,,40.42,,,,
2019-04-12,,28.79,30.96,19.98,,40.42,,,,
2019-04-13,,28.79,30.96,19.98,,40.42,,,,
2019-04-14,,28.79,27.99,19.323333333333334,,40.42,,,,
2019-04-15,,28.79,27.99,19.586000000000002,,40.42,,,,
2019-04-16,,28.79,27.99,19.323333333333334,,40.42,,,,
2019-04-17,,28.79,27.99,18.995,,40.42,,,,
2019-04-18,,28.79,27.99,18.995,,40.42,,,,
2019-04-19,,28.79,27.99,18.666666666666668,,40.42,,,,
2019-04-20,,28.79,27.99,18.666666666666668,,40.42,,,,
2019-04-21,,28.79,27.99,19.98,,40.42,,,,
2019-04-22,,28.79,27.99,18.01,,40.42,,,,
2019-04-23,,28.79,27.99,19.98,,40.42,,,,
2019-04-24,,28.79,27.99,18.01,,40.42,,,,
2019-04-25,,28.79,27.99,19.98,,40.42,,,,
2019-04-26,,28.79,27.99,19.98,,40.42,,,,
2019-04-27,,28.79,27.99,19.98,,40.42,,,,
2019-04-28,,28.79,27.99,19.98,,40.42,,,,
2019-04-29,,28.79,27.99,19.98,,40.42,,,,
2019-04-30,,28.79,27.99,18.01,,40.42,,,,
2019-05-01,,28.79,27.99,19.323333333333334,,40.42,,,,
2019-05-02,,28.79,27.99,19.323333333333334,,40.42,,,,
2019-05-03,,28.79,27.99,18.01,,40.42,,,,
2019-05-04,,28.79,27.99,18.995,,40.42,,,,
2019-05-05,,28.79,27.99,19.98,,40.42,,,,
2019-05-06,,28.79,27.99,19.98,,40.42,,,,
2019-05-07,,28.79,27.99,19.98,,40.42,,,,
2019-05-08,,28.79,27.99,18.01,,40.42,,,,
2019-05-09,,28.79,27.99,19.98,,40.42,,,,
2019-05-10,,28.79,27.99,19.98,,40.42,,,,
2019-05-11,,28.79,27.99,18.01,,40.42,,,,
2019-05-12,,28.79,27.99,18.01,,40.42,,,,
2019-05-13,,28.79,27.99,18.01,,40.42,,,,
2019-05-14,,28.79,27.99,18.01,,40.42,,,,
2019-05-15,,28.79,27.99,18.01,,40.42,,,,
2019-05-16,,28.79,27.99,18.01,,40.42,,,,
2019-05-17,,28.59,27.99,18.01,,40.42,,,,
2019-05-18,,28.59,27.99,18.01,,40.42,,,,
2019-05-19,,28.59,27.99,18.01,,40.42,,,,
2019-05-20,,28.59,27.99,18.01,,40.42,,,,
2019-05-21,,28.59,27.99,18.01,,40.42,,,,
2019-05-22,,28.59,27.99,18.01,,40.42,,,,
2019-05-23,,28.59,27.99,18.01,,40.42,,,,
2019-05-24,,28.33,27.99,18.01,,40.42,,,,
2019-05-25,,28.33,27.99,18.01,,40.42,,,,
2019-05-26,,28.33,27.99,18.01,,40.42,,,,
2019-05-27,,28.33,27.99,18.01,,40.42,,,,
2019-05-28,,28.33,27.99,19.98,,40.42,,,,
2019-05-29,,28.33,27.99,19.98,,40.42,,,,
2019-05-30,,28.33,27.99,19.98,,40.42,,,,
2019-05-31,,28.33,27.99,19.98,,40.42,,,,
2019-06-01,,28.33,27.99,19.98,,40.42,,,,
2019-06-02,,28.59,27.99,19.98,,40.42,,,,
2019-06-03,,28.33,27.99,19.98,,40.42,,,,
2019-06-04,,28.33,27.99,19.98,,40.42,,,,
2019-06-05,,28.33,27.99,19.98,,40.42,,,,
2019-06-06,,28.33,27.99,18.995,,40.42,,,,
2019-06-07,,28.33,27.99,18.01,,40.42,,,,
2019-06-08,,28.33,27.99,19.323333333333334,,40.42,,,,
2019-06-09,,28.314999999999998,27.99,19.323333333333334,,40.42,,,,
2019-06-10,,28.314999999999998,27.99,18.995,,40.42,,,,
2019-06-11,,28.314999999999998,27.99,18.995,,40.42,,,,
2019-06-12,,28.314999999999998,27.99,18.01,,40.42,,,,
2019-06-13,,28.314999999999998,27.99,18.995,,40.42,,,,
2019-06-14,,22.27,27.99,18.995,,40.42,,,,
2019-06-15,,22.27,27.99,19.98,,40.42,,,,
2019-06-16,,22.27,27.99,18.995,,40.42,,,,
2019-06-17,,22.27,27.99,18.995,,40.42,,,,
2019-06-18,,22.27,27.99,18.995,,40.42,,,,
2019-06-19,,22.27,27.99,18.995,,40.42,,,,
2019-06-20,,22.27,27.99,18.995,,40.42,,,,
2019-06-21,,22.27,27.99,18.995,,40.42,,,,
2019-06-22,,22.27,27.99,18.995,,40.42,,,,
2019-06-23,,22.27,27.99,18.995,,40.42,,,,
2019-06-24,,21.19,27.99,18.995,,40.42,,,,
2019-06-25,,21.19,27.99,18.995,,40.42,,,,
2019-06-26,,21.19,27.99,18.995,,40.42,,,,
2019-06-27,,21.19,27.99,18.995,,40.42,,,,
2019-06-28,,21.82,27.99,18.995,,40.42,,,,
2019-06-29,,21.82,27.99,18.995,,40.42,,,,
2019-06-30,,21.82,27.99,18.995,,40.42,,,,
2019-07-01,,21.82,27.99,18.995,,40.42,,,,
2019-07-02,,21.82,27.99,18.995,,40.42,,,,
2019-07-03,,21.82,27.99,18.995,,40.42,,,,
2019-07-04,,21.82,27.99,18.995,,40.42,,,,
2019-07-05,,21.82,27.99,18.995,,40.42,,,,
2019-07-06,,21.82,27.99,18.995,,40.42,,,,
2019-07-07,,21.82,27.99,18.995,,40.42,,,,
2019-07-08,,21.82,27.99,18.995,,40.42,,,,
2019-07-09,,21.82,27.99,17.65,,40.42,,,,
2019-07-10,,21.82,27.99,17.65,,40.42,,,,
2019-07-11,,21.82,27.99,17.65,,40.42,,,,
2019-07-12,,21.82,27.99,17.65,,40.42,,,,
2019-07-13,,21.810000000000002,27.99,17.65,,40.42,,,,
2019-07-14,,21.810000000000002,27.99,17.65,,40.42,,,,
2019-07-15,,21.810000000000002,27.99,17.65,,40.42,,,,
2019-07-16,,22.29,27.99,17.65,,40.42,,,,
2019-07-17,,22.28,27.99,17.65,,40.42,,,,
2019-07-18,,22.28,27.99,17.65,,40.42,,,,
2019-07-19,,5.98,30.96,17.65,,40.42,,,,
2019-07-20,,5.98,30.96,17.65,,40.42,,,,
2019-07-21,,22.29,30.96,17.65,,40.42,,,,
2019-07-22,,5.98,30.96,19.98,,40.42,,,,
2019-07-23,,14.135,30.96,19.98,,40.42,,,,
2019-07-24,,22.3,30.96,19.98,,40.42,,,,
2019-07-25,,16.51,30.96,19.98,,40.42,,,,
2019-07-26,,16.51,30.96,19.98,,40.42,,,,
2019-07-27,,11.245000000000001,30.96,19.98,,40.42,,,,
2019-07-28,,11.245000000000001,30.96,19.98,,40.42,,,,
2019-07-29,,11.245000000000001,30.96,19.98,,40.42,,,,
2019-07-30,,11.245000000000001,30.96,19.98,,40.42,,,,
2019-07-31,,16.5,30.96,19.98,,40.42,,,,
2019-08-01,,5.98,30.96,19.98,,40.42,,,,
2019-08-02,,11.24,30.96,19.98,,40.42,,,,
2019-08-03,,16.47,30.96,19.98,,40.42,,,,
2019-08-04,,11.225,30.96,19.98,,40.42,,,,
2019-08-05,,11.225,30.96,19.98,,40.42,,,,
2019-08-06,,11.225,30.96,19.98,,40.42,,,,
2019-08-07,,11.225,30.96,19.98,,40.42,,,,
2019-08-08,,11.225,30.96,19.98,,40.42,,,,
2019-08-09,,5.98,30.96,19.98,,40.42,,,,
2019-08-10,,5.98,30.96,19.98,,40.42,,,,
2019-08-11,,5.98,30.96,19.98,,40.42,,,,
2019-08-12,,5.98,30.96,18.98,,40.42,,,,
2019-08-13,,5.98,30.96,18.98,,40.42,,,,
2019-08-14,,5.98,30.96,18.98,,40.42,,,,
2019-08-15,,5.98,30.96,18.98,,40.42,,,,
2019-08-16,,5.98,30.96,18.98,,40.42,,,,
2019-08-17,,5.98,30.96,18.98,,40.42,,,,
2019-08-18,,5.98,30.96,18.98,,40.42,,,,
2019-08-19,,5.98,30.96,18.98,,40.42,,,,
2019-08-20,,5.98,30.96,19.96,,40.42,,,,
2019-08-21,,5.98,30.96,19.96,,40.42,,,,
2019-08-22,,12.43,30.96,19.96,,40.42,,,,
2019-08-23,,12.43,30.96,19.96,,40.42,,,,
2019-08-24,,11.99,30.96,19.96,,40.42,,,,
2019-08-25,,16.49,30.96,19.96,,40.42,,,,
2019-08-26,,16.48,30.96,19.96,,40.42,,,,
2019-08-27,,5.98,30.96,19.96,,40.42,,,,
2019-08-28,,5.98,30.96,19.96,,40.42,,,,
2019-08-29,,5.98,30.96,18.62666666666667,,40.42,,,,
2019-08-30,,5.98,30.96,18.96,,40.42,,,,
2019-08-31,,5.98,30.96,19.96,,40.42,,,,
2019-09-01,,5.98,30.96,17.96,,40.42,,,,
2019-09-02,,5.98,30.96,17.96,,40.42,,,,
2019-09-03,,5.98,30.96,17.96,,40.42,,,,
2019-09-04,,5.98,30.96,17.96,,40.42,,,,
2019-09-05,,5.98,30.96,17.96,,40.42,,,,
2019-09-06,,14.99,21.96,17.96,,40.42,,,,
2019-09-07,,14.99,21.96,17.96,,40.42,,,,
2019-09-08,,14.99,21.96,17.96,,40.42,,,,
2019-09-09,,11.36,21.96,17.96,,40.42,,,,
2019-09-10,,11.36,21.96,17.96,,40.42,,,,
2019-09-11,,11.36,21.96,17.96,,40.42,,,,
2019-09-12,,12.42,21.96,17.96,,40.42,,,,
2019-09-13,,12.42,21.96,17.96,,40.42,,,,
2019-09-14,,12.41,21.96,17.96,,40.42,,,,
2019-09-15,,12.41,21.96,17.96,,40.42,,,,
2019-09-16,,12.39,21.96,17.96,,40.42,,,,
2019-09-17,,12.39,21.96,17.96,,40.42,,,,
2019-09-18,,12.29,21.96,17.96,,40.42,,,,
2019-09-19,,12.29,21.96,17.96,,40.42,,,,
2019-09-20,,11.239999999999998,21.96,17.96,,40.42,,,,
2019-09-21,,11.239999999999998,21.96,17.96,,40.42,,,,
2019-09-22,,10.82,21.96,17.96,,40.42,,,,
2019-09-23,,10.82,21.96,17.96,,40.42,,,,
2019-09-24,,10.99,21.96,17.96,,40.42,,,,
2019-09-25,,11.04,21.96,17.96,,40.42,,,,
2019-09-26,,11.04,21.96,17.96,,40.42,,,,
2019-09-27,,11.19,21.96,17.96,,40.42,,,,
2019-09-28,,11.33,21.96,17.96,,40.42,,,,
2019-09-29,,11.33,21.96,17.96,,40.42,,,,
2019-09-30,,11.36,21.96,17.96,,40.42,,,,
2019-10-01,,11.33,21.96,17.96,,40.42,,,,
2019-10-02,,11.33,21.96,17.96,,40.42,,,,
2019-10-03,,11.33,21.96,17.96,,40.42,,,,
2019-10-04,,11.33,21.96,17.96,,40.42,,,,
2019-10-05,,11.34,21.96,17.96,,40.42,,,,
2019-10-06,,11.34,21.96,17.96,,40.42,,,,
2019-10-07,,11.36,21.96,17.96,,40.42,,,,
2019-10-08,,10.99,21.96,17.96,,40.42,,,,
2019-10-09,,10.96,21.96,17.96,,40.42,,,,
2019-10-10,,10.96,21.96,17.96,,40.42,,,,
2019-10-11,,10.96,21.96,17.96,,40.42,,,,
2019-10-12,,10.57,21.96,17.96,,40.42,,,,
2019-10-13,,10.79,21.96,17.96,,40.42,,,,
2019-10-14,,10.63,21.96,17.96,,40.42,,,,
2019-10-15,,10.63,21.96,17.96,,40.42,,,,
2019-10-16,,10.96,21.96,17.96,,40.42,,,,
2019-10-17,,11.02,21.96,17.96,,40.42,,,,
2019-10-18,,11.02,29.825000000000003,17.96,,40.42,,,,
2019-10-19,,10.5,29.825000000000003,17.96,,40.42,,,,
2019-10-20,,10.5,29.825000000000003,17.96,,40.42,,,,
2019-10-21,,10.5,29.825000000000003,17.96,,40.42,,,,
2019-10-22,,10.24,29.825000000000003,17.96,,40.42,,,,
2019-10-23,,10.41,29.825000000000003,17.96,,40.42,,,,
2019-10-24,,10.41,29.825000000000003,17.96,,40.42,,,,
2019-10-25,,10.39,29.825000000000003,17.96,,40.42,,,,
2019-10-26,,10.39,29.825000000000003,17.96,,40.42,,,,
2019-10-27,,11.6,29.825000000000003,17.96,,40.42,,,,
2019-10-28,,11.6,29.825000000000003,17.96,,40.42,,,,
2019-10-29,,11.33,29.825000000000003,17.96,,40.42,,,,
2019-10-30,,11.26,29.825000000000003,17.96,,40.42,,,,
2019-10-31,,11.26,29.825000000000003,17.96,,40.42,,,,
2019-11-01,,11.75,29.825000000000003,17.96,,40.42,,,,
2019-11-02,,11.27,29.825000000000003,17.96,,40.42,,,,
2019-11-03,,10.21,29.825000000000003,17.96,,40.42,,,,
2019-11-04,,10.21,29.825000000000003,17.96,,40.42,,,,
2019-11-05,,10.55,30.13,17.96,,40.42,,,,
2019-11-06,,10.5,30.13,18.936666666666667,,40.42,,,,
2019-11-07,,10.5,29.82,18.46,,40.42,,,,
2019-11-08,,10.955,29.82,18.46,,40.42,,,,
2019-11-09,,11.29,29.82,18.46,,40.42,,,,
2019-11-10,,10.96,29.82,18.46,,40.42,,,,
2019-11-11,,10.76,29.82,18.46,,40.42,,,,
2019-11-12,,10.76,28.074347826086953,18.46,,40.42,,,,
2019-11-13,,10.76,26.701315789473686,18.46,,40.42,,,,
2019-11-14,,10.47,25.288863636363637,18.46,,40.42,,,,
2019-11-15,,11.628,25.288863636363637,18.46,,40.42,,,,
2019-11-16,,9.993333333333334,27.632307692307695,18.46,,40.42,,,,
2019-11-17,,9.993333333333334,27.61833333333333,18.46,,40.42,,,,
2019-11-18,,9.09,27.61833333333333,18.46,,40.42,,,,
2019-11-19,,9.09,27.61833333333333,18.46,,40.42,,,,
2019-11-20,,11.196666666666667,27.61833333333333,18.46,,40.42,,,,
2019-11-21,,10.2,27.61833333333333,18.46,,40.42,,,,
2019-11-22,,10.2,27.61833333333333,18.46,,40.42,,,,
2019-11-23,,10.2,27.61833333333333,18.46,,40.42,,,,
2019-11-24,,10.2,27.61833333333333,18.46,,40.42,,,,
2019-11-25,,10.2,27.61833333333333,18.46,,40.42,,,,
2019-11-26,,10.2,27.61833333333333,18.46,,40.42,,,,
2019-11-27,,10.2,27.61833333333333,18.46,,40.42,,,,
2019-11-28,,10.2,27.61833333333333,18.46,,40.42,,,,
2019-11-29,,9.1675,27.61833333333333,18.46,,40.42,,,,
2019-11-30,,9.1675,27.61833333333333,18.46,,40.42,,,,
2019-12-01,,9.1675,27.61833333333333,18.46,,40.42,,,,
2019-12-02,,9.1675,27.61833333333333,18.46,,40.42,,,,
2019-12-03,,9.1675,27.61833333333333,18.46,,40.42,,,,
2019-12-04,,9.1675,27.61833333333333,18.46,,40.42,,,,
2019-12-05,,9.1675,27.61833333333333,18.46,,40.42,,,,
2019-12-06,,9.1675,27.61833333333333,18.46,,40.42,,,,
2019-12-07,,9.1675,27.61833333333333,18.46,,40.42,,,,
2019-12-08,,9.1675,27.61833333333333,18.46,,40.42,,,,
2019-12-09,,9.1675,27.61833333333333,18.46,,40.42,,,,
2019-12-10,,9.1675,27.61833333333333,18.46,,40.42,,,,
2019-12-11,,9.1675,27.61833333333333,18.46,,40.42,,,,
2019-12-12,,9.1675,27.61833333333333,18.46,,40.42,,,,
2019-12-13,,10.8,27.61833333333333,18.46,,40.42,,,,
2019-12-14,,12.4,27.61833333333333,18.46,,40.42,,,,
2019-12-15,,12.4,27.61833333333333,18.46,,40.42,,,,
2019-12-16,,12.41,27.61833333333333,18.46,,40.42,,,,
2019-12-17,,12.26,27.61833333333333,18.46,,40.42,,,,
2019-12-18,,12.26,27.61833333333333,18.46,,40.42,,,,
2019-12-19,,12.26,27.61833333333333,18.46,,40.42,,,,
2019-12-20,,12.13,27.61833333333333,18.46,,40.42,,,,
2019-12-21,,11.67,27.61833333333333,18.46,,40.42,,,,
2019-12-22,,11.66,27.61833333333333,18.46,,40.42,,,,
2019-12-23,,11.66,27.61833333333333,18.46,,40.42,,,,
2019-12-24,,11.25,27.61833333333333,18.46,,40.42,,,,
2019-12-25,,11.19,27.61833333333333,18.46,,40.42,,,,
2019-12-26,,11.19,27.61833333333333,18.46,,40.42,,,,
2019-12-27,,11.19,27.61833333333333,18.46,,40.42,,,,
2019-12-28,,11.2,27.61833333333333,18.46,,40.42,,,,
2019-12-29,,5.98,27.61833333333333,15.12,,40.42,,,,
2019-12-30,,5.98,27.61833333333333,15.12,,40.42,,,,
2019-12-31,,5.98,27.61833333333333,15.12,,40.42,,,,
2020-01-01,,5.98,27.61833333333333,15.12,,40.42,,,,
2020-01-02,,5.98,27.61833333333333,15.12,,40.42,,,,
2020-01-03,,11.26,27.61833333333333,15.12,,40.42,,,,
2020-01-04,,6.485,27.61833333333333,15.12,,40.42,,,,
2020-01-05,,9.500000000000002,27.61833333333333,15.12,,40.42,,,,
2020-01-06,,7.873333333333334,27.61833333333333,15.12,,40.42,,,,
2020-01-07,,8.620000000000001,27.61833333333333,15.12,,40.42,,,,
2020-01-08,,8.620000000000001,27.61833333333333,15.12,,40.42,,,,
2020-01-09,,8.620000000000001,27.61833333333333,15.12,,40.42,,,,
2020-01-10,,9.176666666666668,27.61833333333333,16.55,,40.42,,,,
2020-01-11,,9.176666666666668,27.61833333333333,16.55,,40.42,,,,
2020-01-12,,9.176666666666668,27.61833333333333,16.55,,40.42,,,,
2020-01-13,,9.176666666666668,27.61833333333333,16.55,,40.42,,,,
2020-01-14,,9.176666666666668,27.61833333333333,16.55,,40.42,,,,
2020-01-15,,9.176666666666668,27.61833333333333,13.985,,40.42,,,,
2020-01-16,,9.176666666666668,27.61833333333333,13.985,,40.42,,,,
2020-01-17,,9.105,27.61833333333333,12.58,,40.42,,,,
2020-01-18,,10.767499999999998,27.61833333333333,12.85,,40.42,,,,
2020-01-19,,10.243333333333334,23.52,12.85,,40.42,,,,
2020-01-20,,9.956666666666667,23.52,18.98,,40.42,,,,
2020-01-21,,9.956666666666667,23.52,18.98,,40.42,,,,
2020-01-22,,9.956666666666667,23.52,18.98,,40.42,,,,
2020-01-23,,9.530000000000001,30.96,17.05,,40.42,,,,
2020-01-24,,13.08,30.96,17.05,,40.42,,,,
2020-01-25,,9.095,30.96,17.05,,40.42,,,,
2020-01-26,,9.095,30.96,17.05,,40.42,,,,
2020-01-27,,9.4075,30.96,17.05,,40.42,,,,
2020-01-28,,9.454,30.96,17.05,,40.42,,,,
2020-01-29,,5.98,30.96,17.05,,40.42,,,,
2020-01-30,,10.440000000000001,30.96,17.05,,40.42,,,,
2020-01-31,,5.98,30.96,17.05,,40.42,,,,
2020-02-01,,8.790000000000001,30.96,17.05,,40.42,,,,
2020-02-02,,10.440000000000001,30.96,17.05,,40.42,,,,
2020-02-03,,5.98,30.96,17.05,,40.42,,,,
2020-02-04,,5.98,30.96,17.05,,40.42,,,,
2020-02-05,,9.176666666666666,30.96,17.05,,40.42,,,,
2020-02-06,,9.396666666666667,30.96,17.05,,40.42,,,,
2020-02-07,,9.396666666666667,30.96,17.05,,40.42,,,,
2020-02-08,,10.96,30.96,17.05,,40.42,,,,
2020-02-09,,10.81,30.96,19.89,,40.42,,,,
2020-02-10,,5.98,30.96,18.98,,40.42,,,,
2020-02-11,,10.226666666666667,30.96,18.98,,40.42,,,,
2020-02-12,,8.145,30.96,18.98,,40.42,,,,
2020-02-13,,8.8825,30.96,18.98,,40.42,,,,
2020-02-14,,7.79,30.96,18.98,,40.42,,,,
2020-02-15,,10.2,30.96,18.98,,40.42,,,,
2020-02-16,,5.98,30.96,18.98,,40.42,,,,
2020-02-17,,9.763333333333334,30.96,18.98,,40.42,,,,
2020-02-18,,10.74,28.64,18.98,,40.42,,,,
2020-02-19,,7.246666666666667,28.64,18.98,,40.42,,,,
2020-02-20,,5.98,28.64,18.98,,40.42,,,,
2020-02-21,,5.98,28.64,18.98,,40.42,,,,
2020-02-22,,8.165,28.64,18.98,,40.42,,,,
2020-02-23,,10.275,28.64,18.98,,40.42,,,,
2020-02-24,,5.98,28.64,18.98,,40.42,,,,
2020-02-25,,5.98,28.64,18.98,,40.42,,,,
2020-02-26,,5.98,26.32,18.98,,40.42,,,,
2020-02-27,,5.98,30.96,18.98,,40.42,,,,
2020-02-28,,5.98,30.96,18.98,,40.42,,,,
2020-02-29,,5.98,30.96,18.98,,40.42,,,,
2020-03-01,,5.98,30.96,18.98,,40.42,,,,
2020-03-02,,5.98,30.96,18.98,,40.42,,,,
2020-03-03,,5.98,30.96,18.98,,40.42,,,,
2020-03-04,,5.98,30.96,18.98,,40.42,,,,
2020-03-05,,5.98,30.96,19.89,,40.42,,,,
2020-03-06,,5.98,30.96,19.89,,40.42,,,,
2020-03-07,,5.98,30.96,19.89,,40.42,,,,
2020-03-08,,5.98,30.96,19.89,,40.42,,,,
2020-03-09,,5.98,30.96,19.89,,40.42,,,,
2020-03-10,,5.98,30.96,19.96,,40.42,,,,
2020-03-11,,5.98,30.96,20.16,,40.42,,,,
2020-03-12,,5.98,30.96,19.96,,40.42,,,,
2020-03-13,,5.98,30.96,19.96,,40.42,,,,
2020-03-14,,5.98,30.96,19.96,,40.42,,,,
2020-03-15,,12.300000000000002,30.96,19.96,,40.42,,,,
2020-03-16,,12.06,30.959999999999997,19.96,,40.42,,,,
2020-03-17,,12.06,30.96,19.96,,40.42,,,,
2020-03-18,,10.590000000000002,30.96,19.96,,40.42,,,,
2020-03-19,,10.590000000000002,30.96,19.96,,40.42,,,,
2020-03-20,,5.99,30.959999999999997,19.96,,40.42,,,,
2020-03-21,,5.985,30.959999999999997,19.43,,40.42,,,,
2020-03-22,,5.985,30.959999999999997,19.43,,40.42,,,,
2020-03-23,,5.99,29.315,19.0675,,40.42,,,,
2020-03-24,,5.99,29.315,19.0675,,40.42,,,,
2020-03-25,,5.99,27.67,17.98,,40.42,,,,
2020-03-26,,5.985,27.67,17.98,,40.42,,,,
2020-03-27,,5.985,27.67,17.98,,40.42,,,,
2020-03-28,,5.985,27.67,17.98,,40.42,,,,
2020-03-29,,5.985,27.67,17.98,,40.42,,,,
2020-03-30,,5.985,27.67,17.98,,40.42,,,,
2020-03-31,,5.985,27.67,17.98,,40.42,,,,
2020-04-01,,5.985,27.67,17.98,,40.42,,,,
2020-04-02,,5.985,27.67,17.98,,40.42,,,,
2020-04-03,,5.985,27.67,17.98,,40.42,,,,
2020-04-04,,5.985,27.67,17.98,,40.42,,,,
2020-04-05,,5.985,27.67,17.98,,40.42,,,,
2020-04-06,,5.99,27.67,17.98,,40.42,,,,
2020-04-07,,5.99,27.67,17.98,,40.42,,,,
2020-04-08,,5.99,27.67,17.98,,40.42,,,,
2020-04-09,,5.98,27.67,17.98,,40.42,,,,
2020-04-10,,5.99,27.67,17.98,,40.42,,,,
2020-04-11,,5.99,27.67,17.98,,40.42,,,,
2020-04-12,,5.985,27.67,17.98,,40.42,,,,
2020-04-13,,5.985,27.67,17.98,,40.42,,,,
2020-04-14,,5.985,27.67,17.98,,40.42,,,,
2020-04-15,,5.985,27.67,17.98,,40.42,,,,
2020-04-16,,5.985,27.67,17.98,,40.42,,,,
2020-04-17,,5.98,27.67,17.98,,40.42,,,,
2020-04-18,,5.99,27.67,17.98,,40.42,,,,
2020-04-19,,5.99,27.67,17.98,,40.42,,,,
2020-04-20,,5.99,27.67,17.98,,40.42,,,,
2020-04-21,,5.99,27.67,17.98,,40.42,,,,
2020-04-22,,5.99,27.67,17.98,,40.42,,,,
2020-04-23,,5.98,27.67,17.98,,40.42,,,,
2020-04-24,,5.99,27.67,17.98,,40.42,,,,
2020-04-25,,5.983333333333334,27.67,17.98,,40.42,,,,
2020-04-26,,5.983333333333334,27.67,17.98,,40.42,,,,
2020-04-27,,5.983333333333334,27.67,17.98,,40.42,,,,
2020-04-28,,5.983333333333334,27.67,17.98,,40.42,,,,
2020-04-29,,5.983333333333334,27.67,17.98,,40.42,,,,
2020-04-30,,5.985,27.67,17.98,,40.42,,,,
2020-05-01,,5.985,27.67,17.98,,40.42,,,,
2020-05-02,,5.985,27.67,17.98,,40.42,,,,
2020-05-03,,5.985,27.67,17.98,,40.42,,,,
2020-05-04,,5.99,27.67,17.98,,40.42,,,,
2020-05-05,,5.985,27.67,17.98,,40.42,,,,
2020-05-06,,5.985,27.67,17.98,,40.42,,,,
2020-05-07,,5.985,27.67,17.98,,40.42,,,,
2020-05-08,,5.985,27.67,17.98,,40.42,,,,
2020-05-09,,5.985,27.67,17.98,,40.42,,,,
2020-05-10,,5.985,27.67,17.98,,40.42,,,,
2020-05-11,,5.98,27.67,17.98,,40.42,,,,
2020-05-12,,5.99,27.67,17.98,,40.42,,,,
2020-05-13,,5.98,27.67,17.98,,40.42,,,,
2020-05-14,,5.985,27.67,17.98,,40.42,,,,
