date,B00MYT481C,B01L2ZRYVE,B01MS6MO77,B01MUA0D2A,B01N1037CV,B01N1081RO,B01N3ASPNV,B01NAUKS62,B071JRMKBH,B076DWKD5B
2015-02-11,,,,,,,,,,
2015-02-12,,,,,,,,,,
2015-02-13,,,,,,,,,,
2015-02-14,,,,,,,,,,
2015-02-15,,,,,,,,,,
2015-02-16,,,,,,,,,,
2015-02-17,,,,,,,,,,
2015-02-18,,,,,,,,,,
2015-02-19,,,,,,,,,,
2015-02-20,,,,,,,,,,
2015-02-21,,,,,,,,,,
2015-02-22,,,,,,,,,,
2015-02-23,,,,,,,,,,
2015-02-24,,,,,,,,,,
2015-02-25,,,,,,,,,,
2015-02-26,,,,,,,,,,
2015-02-27,,,,,,,,,,
2015-02-28,,,,,,,,,,
2015-03-01,,,,,,,,,,
2015-03-02,,,,,,,,,,
2015-03-03,,,,,,,,,,
2015-03-04,,,,,,,,,,
2015-03-05,,,,,,,,,,
2015-03-06,,,,,,,,,,
2015-03-07,,,,,,,,,,
2015-03-08,,,,,,,,,,
2015-03-09,,,,,,,,,,
2015-03-10,,,,,,,,,,
2015-03-11,,,,,,,,,,
2015-03-12,,,,,,,,,,
2015-03-13,,,,,,,,,,
2015-03-14,,,,,,,,,,
2015-03-15,,,,,,,,,,
2015-03-16,,,,,,,,,,
2015-03-17,,,,,,,,,,
2015-03-18,,,,,,,,,,
2015-03-19,,,,,,,,,,
2015-03-20,,,,,,,,,,
2015-03-21,,,,,,,,,,
2015-03-22,,,,,,,,,,
2015-03-23,,,,,,,,,,
2015-03-24,,,,,,,,,,
2015-03-25,,,,,,,,,,
2015-03-26,,,,,,,,,,
2015-03-27,,,,,,,,,,
2015-03-28,,,,,,,,,,
2015-03-29,,,,,,,,,,
2015-03-30,,,,,,,,,,
2015-03-31,,,,,,,,,,
2015-04-01,,,,,,,,,,
2015-04-02,,,,,,,,,,
2015-04-03,,,,,,,,,,
2015-04-04,,,,,,,,,,
2015-04-05,,,,,,,,,,
2015-04-06,,,,,,,,,,
2015-04-07,,,,,,,,,,
2015-04-08,,,,,,,,,,
2015-04-09,,,,,,,,,,
2015-04-10,,,,,,,,,,
2015-04-11,,,,,,,,,,
2015-04-12,,,,,,,,,,
2015-04-13,,,,,,,,,,
2015-04-14,,,,,,,,,,
2015-04-15,,,,,,,,,,
2015-04-16,,,,,,,,,,
2015-04-17,,,,,,,,,,
2015-04-18,,,,,,,,,,
2015-04-19,,,,,,,,,,
2015-04-20,,,,,,,,,,
2015-04-21,,,,,,,,,,
2015-04-22,,,,,,,,,,
2015-04-23,,,,,,,,,,
2015-04-24,,,,,,,,,,
2015-04-25,,,,,,,,,,
2015-04-26,,,,,,,,,,
2015-04-27,,,,,,,,,,
2015-04-28,,,,,,,,,,
2015-04-29,,,,,,,,,,
2015-04-30,,,,,,,,,,
2015-05-01,,,,,,,,,,
2015-05-02,,,,,,,,,,
2015-05-03,,,,,,,,,,
2015-05-04,,,,,,,,,,
2015-05-05,,,,,,,,,,
2015-05-06,,,,,,,,,,
2015-05-07,,,,,,,,,,
2015-05-08,,,,,,,,,,
2015-05-09,,,,,,,,,,
2015-05-10,,,,,,,,,,
2015-05-11,,,,,,,,,,
2015-05-12,,,,,,,,,,
2015-05-13,,,,,,,,,,
2015-05-14,,,,,,,,,,
2015-05-15,,,,,,,,,,
2015-05-16,,,,,,,,,,
2015-05-17,,,,,,,,,,
2015-05-18,,,,,,,,,,
2015-05-19,,,,,,,,,,
2015-05-20,,,,,,,,,,
2015-05-21,,,,,,,,,,
2015-05-22,,,,,,,,,,
2015-05-23,,,,,,,,,,
2015-05-24,,,,,,,,,,
2015-05-25,,,,,,,,,,
2015-05-26,,,,,,,,,,
2015-05-27,,,,,,,,,,
2015-05-28,,,,,,,,,,
2015-05-29,,,,,,,,,,
2015-05-30,,,,,,,,,,
2015-05-31,,,,,,,,,,
2015-06-01,,,,,,,,,,
2015-06-02,,,,,,,,,,
2015-06-03,,,,,,,,,,
2015-06-04,,,,,,,,,,
2015-06-05,,,,,,,,,,
2015-06-06,,,,,,,,,,
2015-06-07,,,,,,,,,,
2015-06-08,,,,,,,,,,
2015-06-09,,,,,,,,,,
2015-06-10,,,,,,,,,,
2015-06-11,,,,,,,,,,
2015-06-12,,,,,,,,,,
2015-06-13,,,,,,,,,,
2015-06-14,,,,,,,,,,
2015-06-15,,,,,,,,,,
2015-06-16,,,,,,,,,,
2015-06-17,,,,,,,,,,
2015-06-18,,,,,,,,,,
2015-06-19,,,,,,,,,,
2015-06-20,,,,,,,,,,
2015-06-21,,,,,,,,,,
2015-06-22,,,,,,,,,,
2015-06-23,,,,,,,,,,
2015-06-24,,,,,,,,,,
2015-06-25,,,,,,,,,,
2015-06-26,,,,,,,,,,
2015-06-27,,,,,,,,,,
2015-06-28,,,,,,,,,,
2015-06-29,,,,,,,,,,
2015-06-30,,,,,,,,,,
2015-07-01,,,,,,,,,,
2015-07-02,,,,,,,,,,
2015-07-03,,,,,,,,,,
2015-07-04,,,,,,,,,,
2015-07-05,,,,,,,,,,
2015-07-06,,,,,,,,,,
2015-07-07,,,,,,,,,,
2015-07-08,,,,,,,,,,
2015-07-09,,,,,,,,,,
2015-07-10,,,,,,,,,,
2015-07-11,,,,,,,,,,
2015-07-12,,,,,,,,,,
2015-07-13,,,,,,,,,,
2015-07-14,,,,,,,,,,
2015-07-15,,,,,,,,,,
2015-07-16,,,,,,,,,,
2015-07-17,,,,,,,,,,
2015-07-18,,,,,,,,,,
2015-07-19,,,,,,,,,,
2015-07-20,,,,,,,,,,
2015-07-21,,,,,,,,,,
2015-07-22,,,,,,,,,,
2015-07-23,,,,,,,,,,
2015-07-24,,,,,,,,,,
2015-07-25,,,,,,,,,,
2015-07-26,,,,,,,,,,
2015-07-27,,,,,,,,,,
2015-07-28,,,,,,,,,,
2015-07-29,,,,,,,,,,
2015-07-30,,,,,,,,,,
2015-07-31,,,,,,,,,,
2015-08-01,,,,,,,,,,
2015-08-02,,,,,,,,,,
2015-08-03,,,,,,,,,,
2015-08-04,,,,,,,,,,
2015-08-05,,,,,,,,,,
2015-08-06,,,,,,,,,,
2015-08-07,,,,,,,,,,
2015-08-08,,,,,,,,,,
2015-08-09,,,,,,,,,,
2015-08-10,,,,,,,,,,
2015-08-11,,,,,,,,,,
2015-08-12,,,,,,,,,,
2015-08-13,,,,,,,,,,
2015-08-14,,,,,,,,,,
2015-08-15,,,,,,,,,,
2015-08-16,,,,,,,,,,
2015-08-17,,,,,,,,,,
2015-08-18,,,,,,,,,,
2015-08-19,,,,,,,,,,
2015-08-20,,,,,,,,,,
2015-08-21,,,,,,,,,,
2015-08-22,,,,,,,,,,
2015-08-23,,,,,,,,,,
2015-08-24,,,,,,,,,,
2015-08-25,,,,,,,,,,
2015-08-26,,,,,,,,,,
2015-08-27,,,,,,,,,,
2015-08-28,,,,,,,,,,
2015-08-29,,,,,,,,,,
2015-08-30,,,,,,,,,,
2015-08-31,,,,,,,,,,
2015-09-01,,,,,,,,,,
2015-09-02,,,,,,,,,,
2015-09-03,,,,,,,,,,
2015-09-04,,,,,,,,,,
2015-09-05,,,,,,,,,,
2015-09-06,,,,,,,,,,
2015-09-07,,,,,,,,,,
2015-09-08,,,,,,,,,,
2015-09-09,,,,,,,,,,
2015-09-10,,,,,,,,,,
2015-09-11,,,,,,,,,,
2015-09-12,,,,,,,,,,
2015-09-13,,,,,,,,,,
2015-09-14,,,,,,,,,,
2015-09-15,,,,,,,,,,
2015-09-16,,,,,,,,,,
2015-09-17,,,,,,,,,,
2015-09-18,,,,,,,,,,
2015-09-19,,,,,,,,,,
2015-09-20,,,,,,,,,,
2015-09-21,,,,,,,,,,
2015-09-22,,,,,,,,,,
2015-09-23,,,,,,,,,,
2015-09-24,,,,,,,,,,
2015-09-25,,,,,,,,,,
2015-09-26,,,,,,,,,,
2015-09-27,,,,,,,,,,
2015-09-28,,,,,,,,,,
2015-09-29,,,,,,,,,,
2015-09-30,,,,,,,,,,
2015-10-01,,,,,,,,,,
2015-10-02,,,,,,,,,,
2015-10-03,,,,,,,,,,
2015-10-04,,,,,,,,,,
2015-10-05,,,,,,,,,,
2015-10-06,,,,,,,,,,
2015-10-07,,,,,,,,,,
2015-10-08,,,,,,,,,,
2015-10-09,,,,,,,,,,
2015-10-10,,,,,,,,,,
2015-10-11,,,,,,,,,,
2015-10-12,,,,,,,,,,
2015-10-13,,,,,,,,,,
2015-10-14,,,,,,,,,,
2015-10-15,,,,,,,,,,
2015-10-16,,,,,,,,,,
2015-10-17,,,,,,,,,,
2015-10-18,,,,,,,,,,
2015-10-19,,,,,,,,,,
2015-10-20,,,,,,,,,,
2015-10-21,,,,,,,,,,
2015-10-22,,,,,,,,,,
2015-10-23,,,,,,,,,,
2015-10-24,,,,,,,,,,
2015-10-25,,,,,,,,,,
2015-10-26,,,,,,,,,,
2015-10-27,,,,,,,,,,
2015-10-28,,,,,,,,,,
2015-10-29,,,,,,,,,,
2015-10-30,,,,,,,,,,
2015-10-31,,,,,,,,,,
2015-11-01,,,,,,,,,,
2015-11-02,,,,,,,,,,
2015-11-03,,,,,,,,,,
2015-11-04,,,,,,,,,,
2015-11-05,,,,,,,,,,
2015-11-06,,,,,,,,,,
2015-11-07,,,,,,,,,,
2015-11-08,,,,,,,,,,
2015-11-09,,,,,,,,,,
2015-11-10,,,,,,,,,,
2015-11-11,,,,,,,,,,
2015-11-12,,,,,,,,,,
2015-11-13,,,,,,,,,,
2015-11-14,,,,,,,,,,
2015-11-15,,,,,,,,,,
2015-11-16,,,,,,,,,,
2015-11-17,,,,,,,,,,
2015-11-18,,,,,,,,,,
2015-11-19,,,,,,,,,,
2015-11-20,,,,,,,,,,
2015-11-21,,,,,,,,,,
2015-11-22,,,,,,,,,,
2015-11-23,,,,,,,,,,
2015-11-24,,,,,,,,,,
2015-11-25,,,,,,,,,,
2015-11-26,,,,,,,,,,
2015-11-27,,,,,,,,,,
2015-11-28,,,,,,,,,,
2015-11-29,,,,,,,,,,
2015-11-30,,,,,,,,,,
2015-12-01,,,,,,,,,,
2015-12-02,,,,,,,,,,
2015-12-03,,,,,,,,,,
2015-12-04,,,,,,,,,,
2015-12-05,,,,,,,,,,
2015-12-06,,,,,,,,,,
2015-12-07,,,,,,,,,,
2015-12-08,,,,,,,,,,
2015-12-09,,,,,,,,,,
2015-12-10,,,,,,,,,,
2015-12-11,,,,,,,,,,
2015-12-12,,,,,,,,,,
2015-12-13,,,,,,,,,,
2015-12-14,,,,,,,,,,
2015-12-15,,,,,,,,,,
2015-12-16,,,,,,,,,,
2015-12-17,,,,,,,,,,
2015-12-18,,,,,,,,,,
2015-12-19,,,,,,,,,,
2015-12-20,,,,,,,,,,
2015-12-21,,,,,,,,,,
2015-12-22,,,,,,,,,,
2015-12-23,,,,,,,,,,
2015-12-24,,,,,,,,,,
2015-12-25,,,,,,,,,,
2015-12-26,,,,,,,,,,
2015-12-27,,,,,,,,,,
2015-12-28,,,,,,,,,,
2015-12-29,,,,,,,,,,
2015-12-30,,,,,,,,,,
2015-12-31,,,,,,,,,,
2016-01-01,,,,,,,,,,
2016-01-02,,,,,,,,,,
2016-01-03,,,,,,,,,,
2016-01-04,,,,,,,,,,
2016-01-05,,,,,,,,,,
2016-01-06,,,,,,,,,,
2016-01-07,,,,,,,,,,
2016-01-08,,,,,,,,,,
2016-01-09,,,,,,,,,,
2016-01-10,,,,,,,,,,
2016-01-11,,,,,,,,,,
2016-01-12,,,,,,,,,,
2016-01-13,,,,,,,,,,
2016-01-14,,,,,,,,,,
2016-01-15,,,,,,,,,,
2016-01-16,,,,,,,,,,
2016-01-17,,,,,,,,,,
2016-01-18,,,,,,,,,,
2016-01-19,,,,,,,,,,
2016-01-20,,,,,,,,,,
2016-01-21,,,,,,,,,,
2016-01-22,,,,,,,,,,
2016-01-23,,,,,,,,,,
2016-01-24,,,,,,,,,,
2016-01-25,,,,,,,,,,
2016-01-26,,,,,,,,,,
2016-01-27,,,,,,,,,,
2016-01-28,,,,,,,,,,
2016-01-29,,,,,,,,,,
2016-01-30,,,,,,,,,,
2016-01-31,,,,,,,,,,
2016-02-01,,,,,,,,,,
2016-02-02,,,,,,,,,,
2016-02-03,,,,,,,,,,
2016-02-04,,,,,,,,,,
2016-02-05,,,,,,,,,,
2016-02-06,,,,,,,,,,
2016-02-07,,,,,,,,,,
2016-02-08,,,,,,,,,,
2016-02-09,,,,,,,,,,
2016-02-10,,,,,,,,,,
2016-02-11,,,,,,,,,,
2016-02-12,,,,,,,,,,
2016-02-13,,,,,,,,,,
2016-02-14,,,,,,,,,,
2016-02-15,,,,,,,,,,
2016-02-16,,,,,,,,,,
2016-02-17,,,,,,,,,,
2016-02-18,,,,,,,,,,
2016-02-19,,,,,,,,,,
2016-02-20,,,,,,,,,,
2016-02-21,,,,,,,,,,
2016-02-22,,,,,,,,,,
2016-02-23,,,,,,,,,,
2016-02-24,,,,,,,,,,
2016-02-25,,,,,,,,,,
2016-02-26,,,,,,,,,,
2016-02-27,,,,,,,,,,
2016-02-28,,,,,,,,,,
2016-02-29,,,,,,,,,,
2016-03-01,,,,,,,,,,
2016-03-02,,,,,,,,,,
2016-03-03,,,,,,,,,,
2016-03-04,,,,,,,,,,
2016-03-05,,,,,,,,,,
2016-03-06,,,,,,,,,,
2016-03-07,,,,,,,,,,
2016-03-08,,,,,,,,,,
2016-03-09,,,,,,,,,,
2016-03-10,,,,,,,,,,
2016-03-11,,,,,,,,,,
2016-03-12,,,,,,,,,,
2016-03-13,,,,,,,,,,
2016-03-14,,,,,,,,,,
2016-03-15,,,,,,,,,,
2016-03-16,,,,,,,,,,
2016-03-17,,,,,,,,,,
2016-03-18,,,,,,,,,,
2016-03-19,,,,,,,,,,
2016-03-20,,,,,,,,,,
2016-03-21,,,,,,,,,,
2016-03-22,,,,,,,,,,
2016-03-23,,,,,,,,,,
2016-03-24,,,,,,,,,,
2016-03-25,,,,,,,,,,
2016-03-26,,,,,,,,,,
2016-03-27,,,,,,,,,,
2016-03-28,,,,,,,,,,
2016-03-29,,,,,,,,,,
2016-03-30,,,,,,,,,,
2016-03-31,,,,,,,,,,
2016-04-01,,,,,,,,,,
2016-04-02,,,,,,,,,,
2016-04-03,,,,,,,,,,
2016-04-04,,,,,,,,,,
2016-04-05,,,,,,,,,,
2016-04-06,,,,,,,,,,
2016-04-07,,,,,,,,,,
2016-04-08,,,,,,,,,,
2016-04-09,,,,,,,,,,
2016-04-10,,,,,,,,,,
2016-04-11,,,,,,,,,,
2016-04-12,,,,,,,,,,
2016-04-13,,,,,,,,,,
2016-04-14,,,,,,,,,,
2016-04-15,,,,,,,,,,
2016-04-16,,,,,,,,,,
2016-04-17,,,,,,,,,,
2016-04-18,,,,,,,,,,
2016-04-19,,,,,,,,,,
2016-04-20,,,,,,,,,,
2016-04-21,,,,,,,,,,
2016-04-22,,,,,,,,,,
2016-04-23,,,,,,,,,,
2016-04-24,,,,,,,,,,
2016-04-25,,,,,,,,,,
2016-04-26,,,,,,,,,,
2016-04-27,,,,,,,,,,
2016-04-28,,,,,,,,,,
2016-04-29,,,,,,,,,,
2016-04-30,,,,,,,,,,
2016-05-01,,,,,,,,,,
2016-05-02,,,,,,,,,,
2016-05-03,,,,,,,,,,
2016-05-04,,,,,,,,,,
2016-05-05,,,,,,,,,,
2016-05-06,,,,,,,,,,
2016-05-07,,,,,,,,,,
2016-05-08,,,,,,,,,,
2016-05-09,,,,,,,,,,
2016-05-10,,,,,,,,,,
2016-05-11,,,,,,,,,,
2016-05-12,,,,,,,,,,
2016-05-13,,,,,,,,,,
2016-05-14,,,,,,,,,,
2016-05-15,,,,,,,,,,
2016-05-16,,,,,,,,,,
2016-05-17,,,,,,,,,,
2016-05-18,,,,,,,,,,
2016-05-19,,,,,,,,,,
2016-05-20,,,,,,,,,,
2016-05-21,,,,,,,,,,
2016-05-22,,,,,,,,,,
2016-05-23,,,,,,,,,,
2016-05-24,,,,,,,,,,
2016-05-25,,,,,,,,,,
2016-05-26,,,,,,,,,,
2016-05-27,,,,,,,,,,
2016-05-28,,,,,,,,,,
2016-05-29,,,,,,,,,,
2016-05-30,,,,,,,,,,
2016-05-31,,,,,,,,,,
2016-06-01,,,,,,,,,,
2016-06-02,,,,,,,,,,
2016-06-03,,,,,,,,,,
2016-06-04,,,,,,,,,,
2016-06-05,,,,,,,,,,
2016-06-06,,,,,,,,,,
2016-06-07,,,,,,,,,,
2016-06-08,,,,,,,,,,
2016-06-09,,,,,,,,,,
2016-06-10,,,,,,,,,,
2016-06-11,,,,,,,,,,
2016-06-12,,,,,,,,,,
2016-06-13,,,,,,,,,,
2016-06-14,,,,,,,,,,
2016-06-15,,,,,,,,,,
2016-06-16,,,,,,,,,,
2016-06-17,,,,,,,,,,
2016-06-18,,,,,,,,,,
2016-06-19,,,,,,,,,,
2016-06-20,,,,,,,,,,
2016-06-21,,,,,,,,,,
2016-06-22,,,,,,,,,,
2016-06-23,,,,,,,,,,
2016-06-24,,,,,,,,,,
2016-06-25,,,,,,,,,,
2016-06-26,,,,,,,,,,
2016-06-27,,,,,,,,,,
2016-06-28,,,,,,,,,,
2016-06-29,,,,,,,,,,
2016-06-30,,,,,,,,,,
2016-07-01,,,,,,,,,,
2016-07-02,,,,,,,,,,
2016-07-03,,,,,,,,,,
2016-07-04,,,,,,,,,,
2016-07-05,,,,,,,,,,
2016-07-06,,,,,,,,,,
2016-07-07,,,,,,,,,,
2016-07-08,,,,,,,,,,
2016-07-09,,,,,,,,,,
2016-07-10,,,,,,,,,,
2016-07-11,,,,,,,,,,
2016-07-12,,,,,,,,,,
2016-07-13,,,,,,,,,,
2016-07-14,,,,,,,,,,
2016-07-15,,,,,,,,,,
2016-07-16,,,,,,,,,,
2016-07-17,,,,,,,,,,
2016-07-18,,,,,,,,,,
2016-07-19,,,,,,,,,,
2016-07-20,,,,,,,,,,
2016-07-21,,,,,,,,,,
2016-07-22,,,,,,,,,,
2016-07-23,,,,,,,,,,
2016-07-24,,,,,,,,,,
2016-07-25,,,,,,,,,,
2016-07-26,,,,,,,,,,
2016-07-27,,,,,,,,,,
2016-07-28,,,,,,,,,,
2016-07-29,,,,,,,,,,
2016-07-30,,,,,,,,,,
2016-07-31,,,,,,,,,,
2016-08-01,,,,,,,,,,
2016-08-02,,,,,,,,,,
2016-08-03,,,,,,,,,,
2016-08-04,,,,,,,,,,
2016-08-05,,,,,,,,,,
2016-08-06,,,,,,,,,,
2016-08-07,,,,,,,,,,
2016-08-08,,,,,,,,,,
2016-08-09,,,,,,,,,,
2016-08-10,,,,,,,,,,
2016-08-11,,,,,,,,,,
2016-08-12,,,,,,,,,,
2016-08-13,,,,,,,,,,
2016-08-14,,,,,,,,,,
2016-08-15,,,,,,,,,,
2016-08-16,,,,,,,,,,
2016-08-17,,,,,,,,,,
2016-08-18,,,,,,,,,,
2016-08-19,,,,,,,,,,
2016-08-20,,,,,,,,,,
2016-08-21,,,,,,,,,,
2016-08-22,,,,,,,,,,
2016-08-23,,,,,,,,,,
2016-08-24,,,,,,,,,,
2016-08-25,,,,,,,,,,
2016-08-26,,,,,,,,,,
2016-08-27,,,,,,,,,,
2016-08-28,,,,,,,,,,
2016-08-29,,49.99,,,,,,,,
2016-08-30,,49.99,,,,,,,,
2016-08-31,,49.99,,,,,,,,
2016-09-01,,49.99,,,,,,,,
2016-09-02,,49.99,,,,,,,,
2016-09-03,,49.99,,,,,,,,
2016-09-04,,49.99,,,,,,,,
2016-09-05,,49.99,,,,,,,,
2016-09-06,,49.99,,,,,,,,
2016-09-07,,49.99,,,,,,,,
2016-09-08,,49.99,,,,,,,,
2016-09-09,,49.99,,,,,,,,
2016-09-10,,49.99,,,,,,,,
2016-09-11,,49.99,,,,,,,,
2016-09-12,,49.99,,,,,,,,
2016-09-13,,49.99,,,,,,,,
2016-09-14,,49.99,,,,,,,,
2016-09-15,,49.99,,,,,,,,
2016-09-16,,49.99,,,,,,,,
2016-09-17,,49.99,,,,,,,,
2016-09-18,,49.99,,,,,,,,
2016-09-19,,49.99,,,,,,,,
2016-09-20,,49.99,,,,,,,,
2016-09-21,,49.99,,,,,,,,
2016-09-22,,49.99,,,,,,,,
2016-09-23,,49.24,,,,,,,,
2016-09-24,,49.24,,,,,,,,
2016-09-25,,49.24,,,,,,,,
2016-09-26,,49.99,,,,,,,,
2016-09-27,,49.99,,,,,,,,
2016-09-28,,49.99,,,,,,,,
2016-09-29,,49.99,,,,,,,,
2016-09-30,,49.99,,,,,,,,
2016-10-01,,49.99,,,,,,,,
2016-10-02,,49.99,,,,,,,,
2016-10-03,,49.99,,,,,,,,
2016-10-04,,49.99,,,,,,,,
2016-10-05,,49.99,,,,,,,,
2016-10-06,,49.99,,,,,,,,
2016-10-07,,49.99,,,,,,,,
2016-10-08,,49.99,,,,,,,,
2016-10-09,,49.99,,,,,,,,
2016-10-10,,49.99,,,,,,,,
2016-10-11,,49.99,,,,,,,,
2016-10-12,,49.99,,,,,,,,
2016-10-13,,49.99,,,,,,,,
2016-10-14,,49.99,,,,,,,,
2016-10-15,,49.99,,,,,,,,
2016-10-16,,49.99,,,,,,,,
2016-10-17,,49.99,,,,,,,,
2016-10-18,,49.99,,,,,,,,
2016-10-19,,49.99,,,,,,,,
2016-10-20,,49.99,,,,,,,,
2016-10-21,,49.99,,,,,,,,
2016-10-22,,49.99,,,,,,,,
2016-10-23,,49.99,,,,,,,,
2016-10-24,,49.99,,,,,,,,
2016-10-25,,49.99,,,,,,,,
2016-10-26,,49.99,,,,,,,,
2016-10-27,,49.99,,,,,,,,
2016-10-28,,49.99,,,,,,,,
2016-10-29,,49.99,,,,,,,,
2016-10-30,,49.99,,,,,,,,
2016-10-31,,49.99,,,,,,,,
2016-11-01,,49.99,,,,,,,,
2016-11-02,,49.99,,,,,,,,
2016-11-03,,49.99,,,,,,,,
2016-11-04,,49.99,,,,,,,,
2016-11-05,,49.99,,,,,,,,
2016-11-06,,49.99,,,,,,,,
2016-11-07,,49.99,,,,,,,,
2016-11-08,,49.99,,,,,,,,
2016-11-09,,49.99,,,,,,,,
2016-11-10,,49.99,,,,,,,,
2016-11-11,,49.99,,,,,,,,
2016-11-12,,49.99,,,,,,,,
2016-11-13,,49.99,,,,,,,,
2016-11-14,,49.99,,,,,,,,
2016-11-15,,49.99,,,,,,,,
2016-11-16,,49.99,,,,,,,,
2016-11-17,,49.99,,,,,,,,
2016-11-18,,49.99,,,,,,,,
2016-11-19,,49.99,,,,,,,,
2016-11-20,,49.99,,,,,,,,
2016-11-21,,49.99,,,,,,,,
2016-11-22,,49.99,,,,,,,,
2016-11-23,,49.99,,,,,,,,
2016-11-24,,34.99,,,,,,,,
2016-11-25,,34.99,,,,,,,,
2016-11-26,,49.99,,,,,,,,
2016-11-27,,49.99,,,,,,,,
2016-11-28,,49.99,,,,,,,,
2016-11-29,,49.99,,,,,,,,
2016-11-30,,49.99,,,,,,,,
2016-12-01,,49.99,,,,,,,,
2016-12-02,,49.99,,,,,,,,
2016-12-03,,49.99,,,,,,,,
2016-12-04,,49.99,,,,,,,,
2016-12-05,,49.99,,,,,,,,
2016-12-06,,49.99,,,,,,,,
2016-12-07,,49.99,,,,,,,,
2016-12-08,,49.99,,,,,,,,
2016-12-09,,49.99,,,,,,,,
2016-12-10,,49.99,,,,,,,,
2016-12-11,,49.99,,,,,,,,
2016-12-12,,49.99,,,,,,,,
2016-12-13,,49.99,,,,,,,,
2016-12-14,,49.99,,,,,,,,
2016-12-15,,49.99,,,,,,,,
2016-12-16,,49.99,,,,,,,,
2016-12-17,,49.99,,,,,,,,
2016-12-18,,49.99,,,,,,,,
2016-12-19,,49.99,,,,,,,,
2016-12-20,,49.99,,,,,,,,
2016-12-21,,49.99,,,,,,,,
2016-12-22,,49.99,,,,,,,,
2016-12-23,,49.99,,,,,,,,
2016-12-24,,49.99,,,,,,,,
2016-12-25,,49.99,,,,,,,,
2016-12-26,,49.99,,,,,,,,
2016-12-27,,49.99,,,,,,,,
2016-12-28,,49.99,,,,,,,,
2016-12-29,,49.99,,,,,,,,
2016-12-30,,49.99,,,,,,,,
2016-12-31,,49.99,,,,,,,,
2017-01-01,,49.99,,,,,,,,
2017-01-02,,49.99,,,,,,,,
2017-01-03,,49.99,,,,,,,,
2017-01-04,,49.99,,,,,,,,
2017-01-05,,49.99,,,,,,,,
2017-01-06,,49.99,,,,,,,,
2017-01-07,,49.99,,,,,,,,
2017-01-08,,49.99,,,,,,,,
2017-01-09,,49.99,,,,,,,,
2017-01-10,,49.99,,,,,,,,
2017-01-11,,49.99,,,,,,,,
2017-01-12,,49.99,,,,,,,,
2017-01-13,,49.99,59.99,,,,,,,
2017-01-14,,49.99,59.99,,,,,,,
2017-01-15,,49.99,59.99,,,,,,,
2017-01-16,,49.99,59.99,,,,,,,
2017-01-17,,49.99,59.99,,,,,,,
2017-01-18,,49.99,59.99,,,,,,,
2017-01-19,,49.99,59.99,,,,,,,
2017-01-20,,49.99,59.99,,,,,,,
2017-01-21,,49.99,59.99,,,,,,,
2017-01-22,,49.99,59.99,,,,,,,
2017-01-23,,49.99,59.99,,,,,,,
2017-01-24,,49.99,59.96,,,,,,,
2017-01-25,,49.99,59.96,,,,,,,
2017-01-26,,49.99,59.96,,,,,,,
2017-01-27,,49.99,59.96,,,,,,,
2017-01-28,,49.99,59.96,,,,,,,
2017-01-29,,49.99,59.96,,,,,,,
2017-01-30,,49.99,59.96,,,,,,,
2017-01-31,,49.99,59.96,,,,,,,
2017-02-01,,49.99,59.96,,,,,,,
2017-02-02,,49.99,59.96,,,,,,,
2017-02-03,,49.99,59.96,,,,,,,
2017-02-04,,49.99,59.96,,,,,,,
2017-02-05,,49.99,59.96,,,,,,,
2017-02-06,,49.99,59.96,,,,,,,
2017-02-07,,49.99,59.96,,,,,,,
2017-02-08,,49.99,59.96,,,,,,,
2017-02-09,,49.99,59.96,,,,,,,
2017-02-10,,49.99,59.96,,,,,,,
2017-02-11,,49.99,59.96,,,,,,,
2017-02-12,,49.99,59.96,,,,,,,
2017-02-13,,49.99,59.96,,,,,,,
2017-02-14,,49.99,59.96,,,,,,,
2017-02-15,,49.99,59.96,,,,,,,
2017-02-16,,49.99,59.96,,,,,,,
2017-02-17,,49.99,59.96,,,,,,,
2017-02-18,,49.99,59.96,,,,,,,
2017-02-19,,49.99,59.96,,,,,,,
2017-02-20,,49.99,59.96,,,,,,,
2017-02-21,,49.99,59.96,,,,,,,
2017-02-22,,49.99,59.96,,,,,,,
2017-02-23,,49.99,59.96,,,,,,,
2017-02-24,,49.99,59.96,,,,,,,
2017-02-25,,49.99,59.96,,,,,,,
2017-02-26,,49.99,59.96,,,,,,,
2017-02-27,,49.99,59.96,,,,,,,
2017-02-28,,49.99,59.96,,,,,,,
2017-03-01,,49.99,59.96,,,,,,,
2017-03-02,,49.99,59.96,,,,,,,
2017-03-03,,49.99,59.88,,,,,,,
2017-03-04,,49.99,59.88,,,,,,,
2017-03-05,,49.99,59.88,,,,,,,
2017-03-06,,49.99,59.88,,59.99,,,,,
2017-03-07,,49.99,59.695,,59.99,,,,,
2017-03-08,,49.99,59.72,,59.99,,,,,
2017-03-09,,49.99,59.72,,59.99,,,,,
2017-03-10,,49.99,57.44000000000001,,59.99,,,,,
2017-03-11,,49.99,59.325,,59.99,,,,,
2017-03-12,,49.99,58.71,,59.99,,,,,
2017-03-13,,49.99,56.93333333333334,,59.99,,,,,
2017-03-14,,49.99,57.99,,59.99,,,,,
2017-03-15,,49.99,57.99,,59.99,,,,,
2017-03-16,,49.99,57.99,,59.99,,,,,
2017-03-17,,49.99,57.99,,59.99,,,,,
2017-03-18,,49.99,57.99,,59.99,,,,,
2017-03-19,,49.99,57.99,,59.99,,,,,
2017-03-20,,49.99,57.989999999999995,,59.99,,,,,
2017-03-21,,49.99,57.989999999999995,,59.99,,,,,
2017-03-22,,49.99,57.99,,59.99,,,,,
2017-03-23,,49.99,57.99,,59.99,,,,,
2017-03-24,,49.99,57.89,,59.99,,,,,
2017-03-25,,49.99,57.99,,59.99,,,,,
2017-03-26,,49.99,57.89,,59.99,,,,,
2017-03-27,,49.99,57.89,,59.99,,,,,
2017-03-28,,49.99,57.89,,59.99,,,,,
2017-03-29,,49.99,57.89,,59.99,,,,,
2017-03-30,,49.99,57.845,,59.99,,,,,
2017-03-31,,49.99,57.69499999999999,,59.88,,,,,
2017-04-01,,49.99,57.99,,59.88,,,,,
2017-04-02,,49.99,57.99,,59.88,,,,,
2017-04-03,,49.99,57.99,,59.88,,,,,
2017-04-04,,49.99,57.235,,59.88,,,,,
2017-04-05,,49.99,57.235,,59.88,,,,,
2017-04-06,,49.99,57.235,,59.88,,,,,
2017-04-07,,49.99,57.49,,59.88,,,,,
2017-04-08,,49.99,57.49,,59.88,,,,,
2017-04-09,,49.99,56.99,,59.88,,,,,
2017-04-10,,49.99,57.730000000000004,,59.88,,,,,
2017-04-11,,49.99,57.230000000000004,,59.88,,,,,
2017-04-12,,49.99,57.230000000000004,,59.88,,,,,
2017-04-13,,49.99,57.230000000000004,,59.88,,,,,
2017-04-14,,49.99,57.97,,59.88,,,,,
2017-04-15,,49.99,53.96,,59.88,,,,,
2017-04-16,,49.99,57.832499999999996,,59.88,,,,,
2017-04-17,,49.99,57.116666666666674,,59.88,,,,,
2017-04-18,,49.99,57.876666666666665,,59.88,,,,,
2017-04-19,,49.99,57.876666666666665,,59.88,,,,,
2017-04-20,,49.99,57.50666666666667,,59.88,,,,,
2017-04-21,,49.99,57.74285714285715,,59.88,,,,,
2017-04-22,,49.99,57.5,,59.88,,,,,
2017-04-23,,49.99,57.0,,59.88,,,,,
2017-04-24,,49.99,56.95,,59.88,,,,,
2017-04-25,,49.99,57.11,,59.88,,,,,
2017-04-26,,49.99,56.9275,,59.88,,,,,
2017-04-27,,49.99,56.9275,,59.88,,,,,
2017-04-28,,49.99,56.9275,,59.88,,,,,
2017-04-29,,49.99,56.9275,,59.88,,,,,
2017-04-30,,49.99,56.9275,,59.88,,,,,
2017-05-01,,49.99,57.63,,59.88,,,,,
2017-05-02,,49.99,55.604,,59.88,,,,,
2017-05-03,,49.99,55.52166666666667,,59.88,,,,,
2017-05-04,,49.99,52.955,,59.580000000000005,,,,,
2017-05-05,,49.99,56.083333333333336,,59.88,,,,,
2017-05-06,,49.99,52.96666666666667,,59.44,,,,,
2017-05-07,,49.99,52.96666666666667,,59.44,,,,,
2017-05-08,,49.99,52.79,,59.8,,,,,
2017-05-09,,49.99,52.99,,59.44,,,,,
2017-05-10,,49.99,52.99,,59.295,,,,,
2017-05-11,,49.99,52.99,,59.44,,,,,
2017-05-12,,49.99,52.99,,59.44,,,,,
2017-05-13,,49.99,52.99,,59.44,,,,,
2017-05-14,,49.99,52.760000000000005,,59.44,,,,,
2017-05-15,,49.99,52.760000000000005,,59.44,,,,,
2017-05-16,,49.99,52.19,,59.019999999999996,,,,,
2017-05-17,,49.99,52.260000000000005,,59.04,,,,,
2017-05-18,,49.99,56.99,,59.0,,,,,
2017-05-19,,49.99,56.95,,59.23333333333334,,,,,
2017-05-20,,49.99,56.95,,59.26666666666667,,,,,
2017-05-21,,49.99,58.620000000000005,,59.63,,,,,
2017-05-22,,49.99,58.6,,59.150000000000006,,,,,
2017-05-23,,49.99,59.49,,59.019999999999996,,,,,
2017-05-24,,49.99,59.49,,59.51,,,,,
2017-05-25,,49.99,59.4675,,59.485,,,,,
2017-05-26,,49.99,58.099999999999994,,59.20799999999999,,,,,
2017-05-27,,49.99,58.099999999999994,,59.035,,,,,
2017-05-28,,49.99,56.0,,59.035,,,,,
2017-05-29,,49.99,59.47,,59.035,,,,,
2017-05-30,,49.99,59.88,,59.035,,,,,
2017-05-31,,49.99,59.88,,59.035,,,,,
2017-06-01,,49.99,57.489999999999995,,59.21666666666667,,,,,
2017-06-02,,49.99,55.8825,,59.21666666666667,,,,,
2017-06-03,,49.99,57.60666666666666,,59.21666666666667,,,,,
2017-06-04,,49.99,55.99,,59.21666666666667,,,,,
2017-06-05,,49.99,55.682500000000005,,59.21666666666667,,,,,
2017-06-06,,49.99,55.69,,59.21666666666667,,,,,
2017-06-07,,49.99,55.62142857142857,,59.21666666666667,,,,,
2017-06-08,,49.99,56.41,,59.015,,,,,
2017-06-09,,49.99,56.41,,59.015,,,,,
2017-06-10,,49.99,56.41,,59.015,,,,,
2017-06-11,,49.99,56.41,,59.015,,,,,
2017-06-12,,49.99,56.41,,59.015,,,,59.99,
2017-06-13,,49.99,57.83,,59.015,,,,59.99,
2017-06-14,,49.99,55.89,,59.015,,,,59.99,
2017-06-15,,49.99,57.81,,59.029999999999994,,,,59.99,
2017-06-16,,49.99,55.99,,59.029999999999994,,,,59.96,
2017-06-17,,49.99,57.15,,59.029999999999994,,,,59.96,
2017-06-18,,49.99,57.15,,59.029999999999994,,,,59.96,
2017-06-19,,49.99,57.15,,59.029999999999994,,,,59.96,
2017-06-20,,49.99,56.56,,59.366,,,,59.96,
2017-06-21,,49.99,56.925,,59.445,,,,59.96,
2017-06-22,,49.99,56.925,,59.445,,,,59.96,
2017-06-23,,49.99,56.68,,59.401666666666664,,,,59.96,
2017-06-24,,49.99,55.94,,59.4,,,,59.96,
2017-06-25,,49.99,56.593333333333334,,59.695,,,,59.96,
2017-06-26,,49.99,56.064,,59.235,,,,59.96,
2017-06-27,,49.99,56.064,,59.050000000000004,,,,59.96,
2017-06-28,,49.99,56.064,,59.0,,,,59.96,
2017-06-29,,49.99,53.43,,59.0,,,,59.96,
2017-06-30,,49.99,53.0,,59.03,,,,59.96,
2017-07-01,,49.99,53.46,,59.04,,,,59.96,
2017-07-02,,49.99,53.92,,59.04,,,,59.96,
2017-07-03,,49.99,52.99,,59.04,,,,59.96,
2017-07-04,,49.99,52.99,,59.04,,,,59.96,
2017-07-05,,49.99,52.99,,59.045,,,,59.96,
2017-07-06,,49.99,54.92,,59.215,,,,59.96,
2017-07-07,,49.99,54.300000000000004,,59.44,,,,59.96,
2017-07-08,,49.99,54.300000000000004,,59.44,,,,59.96,
2017-07-09,,49.99,54.300000000000004,,59.44,,,,59.96,
2017-07-10,,49.99,55.7875,,59.0,,,,59.96,
2017-07-11,,49.99,55.99,,59.0,,,,59.96,
2017-07-12,,49.99,56.949999999999996,,59.44,,,,59.96,
2017-07-13,,49.99,57.435,,59.44,,,,59.96,
2017-07-14,,49.99,57.435,,59.545,,,,59.96,
2017-07-15,,49.99,57.435,,59.7,,,,59.96,
2017-07-16,,49.99,56.57,,59.655,,,,59.96,
2017-07-17,,49.99,56.894999999999996,,59.376666666666665,,,,59.96,
2017-07-18,,49.99,56.894999999999996,,59.376666666666665,,,,59.96,
2017-07-19,,49.99,56.894999999999996,,59.376666666666665,,,,59.96,
2017-07-20,,49.99,56.894999999999996,,59.376666666666665,,,,59.96,
2017-07-21,,49.99,56.894999999999996,,59.376666666666665,,,,59.96,
2017-07-22,,49.99,56.894999999999996,,59.376666666666665,,,,59.96,
2017-07-23,,49.99,56.894999999999996,,59.376666666666665,,,,59.96,
2017-07-24,,49.99,56.894999999999996,,59.376666666666665,,,,59.96,
2017-07-25,,49.99,56.894999999999996,,59.376666666666665,,,,59.96,
2017-07-26,,49.99,56.894999999999996,,59.376666666666665,,,,59.96,
2017-07-27,,49.99,56.894999999999996,,59.376666666666665,,,,59.96,
2017-07-28,,49.99,55.94,,59.376666666666665,,,,59.96,
2017-07-29,,49.99,55.98,,59.376666666666665,,,,59.96,
2017-07-30,,49.99,55.98,,59.88,,,,59.96,
2017-07-31,,49.99,55.156666666666666,,59.88,,,,59.96,
2017-08-01,,49.99,55.156666666666666,,59.88,,,,59.96,
2017-08-02,,49.99,57.49,,59.29333333333333,,,,59.96,
2017-08-03,,49.99,57.49,,59.44,,,,59.96,
2017-08-04,,49.99,57.49,,59.44,,,,59.96,
2017-08-05,,49.99,55.9,,59.44,,,,59.96,
2017-08-06,,49.99,57.303333333333335,,59.44,,,,59.96,
2017-08-07,,49.99,56.49,,59.44,,,,59.96,
2017-08-08,,49.99,56.49,,59.04333333333333,,,,59.96,
2017-08-09,,49.99,57.303333333333335,,59.04333333333333,,,,59.96,
2017-08-10,,49.99,56.99,,59.04333333333333,,,,59.96,
2017-08-11,,49.99,56.99,,59.04333333333333,,,,59.96,
2017-08-12,,49.99,56.99,,59.04333333333333,,,,59.96,
2017-08-13,,49.99,56.99,,59.04333333333333,,,,59.96,
2017-08-14,,49.99,56.99,,59.04333333333333,,,,59.96,
2017-08-15,,49.99,56.99,,59.04333333333333,,,,59.96,
2017-08-16,,49.99,55.97,,59.045,,,,59.96,
2017-08-17,,49.99,56.96,,59.88,,,,59.96,
2017-08-18,,49.99,56.96,,59.42666666666667,,,,59.96,
2017-08-19,,49.99,56.96,,59.42666666666667,,,,59.96,
2017-08-20,,49.99,56.96,,59.42666666666667,,,,59.96,
2017-08-21,,49.99,56.96,,59.42666666666667,,,,59.96,
2017-08-22,,49.99,56.96,,59.44,,,,59.96,
2017-08-23,,49.99,56.96,,59.44,,,,59.96,
2017-08-24,,49.99,56.945,,59.44,,,,59.96,
2017-08-25,,49.99,56.945,,59.44,,,,59.96,
2017-08-26,,49.99,56.945,,59.44,,,,59.96,
2017-08-27,,49.99,56.945,,59.44,,,,59.96,
2017-08-28,,49.99,56.945,,59.88,,,,59.96,
2017-08-29,,49.99,56.945,,59.0,,,,59.96,
2017-08-30,,49.99,56.0,,59.0,,,,54.98,
2017-08-31,,49.99,56.99,,59.0,,,,54.98,
2017-09-01,,49.99,56.99,,59.0,,,,54.98,
2017-09-02,,49.99,56.99,,59.580000000000005,,,,58.95,
2017-09-03,,49.99,56.99,,59.57333333333333,,,,58.95,
2017-09-04,,49.99,56.99,,59.57333333333333,,,,58.95,
2017-09-05,,49.99,56.99,,59.57333333333333,,,,58.95,
2017-09-06,,49.99,56.99,,59.045,,,,54.43750000000001,
2017-09-07,,49.99,56.99,,59.34,,,,55.75,
2017-09-08,,49.99,56.99,,59.45333333333334,,,,59.343333333333334,
2017-09-09,,49.99,56.99,,59.655,,,,59.343333333333334,
2017-09-10,,49.99,56.99,,59.34,,,,59.02,
2017-09-11,,49.99,56.99,,59.0,,,,59.34666666666667,
2017-09-12,,49.99,56.455,,59.0,,,,59.59000000000001,
2017-09-13,,49.99,56.455,,59.0,,,,59.47,
2017-09-14,,49.99,56.455,,59.0,,,,59.47,
2017-09-15,,49.99,56.455,,59.0,,,,59.47,
2017-09-16,,49.99,56.455,,59.0,,,,58.925,
2017-09-17,,49.99,56.455,,59.0,,,,58.96,
2017-09-18,,49.99,56.455,,59.0,,,,59.45,
2017-09-19,,49.99,56.455,,59.0,,,,59.7025,
2017-09-20,,49.99,56.455,,59.528,,,,59.7025,
2017-09-21,,49.99,56.455,,59.44,,,,59.7025,
2017-09-22,,49.99,56.455,,59.29333333333333,,,,58.7175,
2017-09-23,,49.99,56.455,,59.29333333333333,,,,58.7175,
2017-09-24,,49.99,56.945,,59.44,,,,57.965,
2017-09-25,,49.99,56.945,,59.44,,,,58.445,
2017-09-26,,49.99,56.945,,59.88,,,,57.695,
2017-09-27,,49.99,56.945,,59.88,,,,57.695,
2017-09-28,,49.99,56.945,,59.0,,,,57.695,
2017-09-29,,49.99,56.945,,59.0,,,,57.144999999999996,
2017-09-30,,49.99,56.945,,59.528,,,,53.285,
2017-10-01,,49.99,56.945,,59.528,,,,56.1,
2017-10-02,,49.99,56.945,,59.44,,,,56.22714285714285,
2017-10-03,,49.99,56.945,,59.18000000000001,,,,56.1,
2017-10-04,,49.99,56.945,,59.135000000000005,,,,56.1,
2017-10-05,,49.99,56.945,,59.586666666666666,,,,54.96,
2017-10-06,,49.99,56.975,,59.27,,,,56.1,
2017-10-07,,49.99,56.975,,59.135000000000005,,,,55.327999999999996,
2017-10-08,,49.99,56.975,,59.135000000000005,,,,56.1,
2017-10-09,,49.99,56.975,,59.575,,,,56.1,
2017-10-10,,49.99,56.975,,59.575,,,,59.96,
2017-10-11,,49.99,56.975,,59.135000000000005,,,,51.553333333333335,
2017-10-12,,49.99,56.975,,59.0,,,,51.553333333333335,
2017-10-13,,49.99,56.975,,59.38333333333333,,,,50.82,
2017-10-14,,49.99,56.975,,59.38333333333333,,,,50.82,
2017-10-15,,49.99,56.975,,59.38333333333333,,,,51.12,
2017-10-16,,49.99,56.975,,59.09,,,,50.9,
2017-10-17,,49.99,56.975,,59.09,,,,51.43,
2017-10-18,,49.99,56.975,,59.27,,,,51.44,
2017-10-19,,49.99,56.975,,59.44,,,,51.45,
2017-10-20,,49.99,56.97,,59.739999999999995,,,,55.345,
2017-10-21,,49.99,56.97,,59.53,,,,51.41,
2017-10-22,,49.99,56.99,,59.53,,,,51.41,
2017-10-23,,49.99,56.99,,54.99,,,,51.68,
2017-10-24,,49.99,56.948,,54.99,,,,54.623333333333335,
2017-10-25,,49.99,56.980000000000004,,54.99,,,,57.38666666666666,
2017-10-26,,49.99,56.973333333333336,,54.99,,,,53.21,
2017-10-27,,49.99,53.894999999999996,,54.99,,,,54.18,
2017-10-28,,49.99,53.894999999999996,,54.99,,,,54.18,
2017-10-29,,49.99,56.980000000000004,,58.75,,,,54.18,
2017-10-30,,49.99,56.96,,58.400000000000006,,,,54.18,
2017-10-31,,49.99,56.96,,58.63250000000001,,,,54.09,
2017-11-01,,49.99,56.225,,58.99,,,,53.879999999999995,
2017-11-02,,49.99,56.97,,58.96333333333333,,,,53.83,
2017-11-03,,49.99,56.955,,58.96,,,,53.83,
2017-11-04,,49.99,56.97,,58.96,,,,53.83,
2017-11-05,,49.99,56.97,,58.96,,,,53.83,
2017-11-06,,49.99,56.97,,58.8525,,,,53.83,
2017-11-07,,49.99,56.99,,58.96,,,,53.79666666666666,
2017-11-08,,49.99,56.99,,58.945,,,,53.79666666666666,
2017-11-09,,49.99,56.99,,58.945,,,,59.88,
2017-11-10,,49.99,56.99,,58.945,,,,55.68,
2017-11-11,,49.99,56.99,,58.93,,,,58.48,
2017-11-12,,49.99,56.99,,58.97,,,,55.68,
2017-11-13,,49.99,56.99,,58.99,,,,56.81,
2017-11-14,,49.99,56.99,,58.99,,,,57.833333333333336,
2017-11-15,,49.99,56.99,,58.9,,,,53.74,
2017-11-16,,49.99,56.99,,58.99,,,,57.833333333333336,
2017-11-17,,49.99,56.99,,58.394999999999996,,,,54.89,
2017-11-18,,49.99,56.99,,58.394999999999996,,,,57.833333333333336,
2017-11-19,,49.99,56.99,,58.7175,,,,53.39,
2017-11-20,,49.99,56.99,,58.7175,,,,59.88,
2017-11-21,,49.99,56.99,,58.7175,,,,56.81,
2017-11-22,,49.99,56.99,,58.7175,,,,56.43333333333334,
2017-11-23,,34.99,56.99,,58.7175,,,,57.455,
2017-11-24,,34.99,56.99,,58.7175,,,,55.136250000000004,
2017-11-25,,34.99,56.99,,58.7175,,,,52.782222222222224,
2017-11-26,,32.99,56.99,,58.7175,,,,51.705,
2017-11-27,,32.99,56.99,,58.7175,,,,52.70285714285715,
2017-11-28,,32.99,56.88,,58.7175,,,,55.28666666666667,
2017-11-29,,32.99,56.88,,56.74,,,,55.28666666666667,
2017-11-30,,32.99,56.88,,54.99,,,,55.28666666666667,
2017-12-01,,32.99,56.88,,58.99,,,,58.25,
2017-12-02,,32.99,56.935,,54.99,,,,58.11166666666667,
2017-12-03,,44.99,56.935,,54.99,,,,58.11166666666667,
2017-12-04,,44.99,56.935,,54.99,,,,58.11166666666667,
2017-12-05,,44.99,56.935,,54.99,,,,58.11166666666667,
2017-12-06,,44.99,56.935,,52.49,,,,39.99,
2017-12-07,,44.99,56.949999999999996,,59.0,,,,39.99,
2017-12-08,,44.99,56.935,,57.24250000000001,,,,56.10333333333333,
2017-12-09,,44.99,56.935,,59.26333333333333,,,,56.10333333333333,
2017-12-10,,44.99,56.99,,59.935,,,,56.10333333333333,
2017-12-11,,44.99,56.935,,59.935,,,,39.99,
2017-12-12,,44.99,56.935,,59.99,,,,39.99,
2017-12-13,,44.99,56.935,,59.88,,,,45.0,
2017-12-14,,44.99,56.935,,59.4,,,,45.0,
2017-12-15,,44.99,56.935,,58.055,,,,49.89,
2017-12-16,,44.99,56.935,,59.71,,,,49.89,
2017-12-17,,44.99,56.935,,59.71,,,,45.0,
2017-12-18,,44.99,56.935,,59.604,,,,44.99,
2017-12-19,,44.99,56.85333333333333,,59.51,,,,44.99,
2017-12-20,,44.99,56.99,,59.71,,,,44.99,
2017-12-21,,44.99,56.99,,59.74,,,,44.99,
2017-12-22,,44.99,56.99,,59.935,,,,44.99,
2017-12-23,,44.99,56.99,,59.935,,,,44.99,
2017-12-24,,44.99,56.99,,59.74,,,,42.49,
2017-12-25,,44.99,56.99,,59.74,,,,42.49,
2017-12-26,,44.99,56.99,,59.415000000000006,,,,42.49,
2017-12-27,,44.99,56.99,,59.325,,,,42.49,
2017-12-28,,44.99,56.99,,59.74,,,,42.49,
2017-12-29,,44.99,56.405,,59.555,,,,39.99,
2017-12-30,,44.99,56.405,,59.80200000000001,,,,39.99,
2017-12-31,,44.99,56.405,,59.935,,,,39.99,
2018-01-01,,44.99,56.405,,59.935,,,,47.95,
2018-01-02,,44.99,56.405,,59.935,,,,48.916666666666664,
2018-01-03,,44.99,56.405,,59.42666666666667,,,,45.43000000000001,
2018-01-04,,44.99,53.92,,59.48666666666667,,,,39.99,
2018-01-05,,44.99,56.99,,59.24666666666667,,,,39.99,
2018-01-06,,44.99,56.99,,58.99,,,,39.99,
2018-01-07,,44.99,56.99,,59.88,,,,43.32333333333333,
2018-01-08,,44.99,56.99,,58.95,,,,44.99,
2018-01-09,,44.99,56.99,,58.92666666666668,,,,44.99,
2018-01-10,,44.99,56.99,,59.2025,,,,44.99,
2018-01-11,,44.99,56.99,,59.2025,,,,44.99,
2018-01-12,,44.99,56.99,,59.2025,,,,47.015,
2018-01-13,,44.99,56.99,,59.2025,,,,47.99,
2018-01-14,,44.99,56.99,,59.2025,,,,56.17,
2018-01-15,,44.99,56.99,,59.2025,,,,54.31142857142858,
2018-01-16,,44.99,56.99,,57.26666666666667,,,,55.358181818181826,
2018-01-17,,44.99,56.99,,54.99,,,,56.83142857142857,
2018-01-18,,44.99,56.99,,54.99,,,,54.790000000000006,
2018-01-19,,44.99,56.99,,54.99,,,,54.016,
2018-01-20,,44.99,56.99,,59.375,,,,56.405,
2018-01-21,,44.99,56.99,,59.88,,,,56.58625,
2018-01-22,,44.99,56.99,,59.39,,,,56.5925,
2018-01-23,,44.99,56.99,,59.39,,,,56.28636363636363,
2018-01-24,,44.99,56.99,,59.39,,,,57.08,
2018-01-25,,44.99,56.99,,59.39,,,,56.595,
2018-01-26,,44.99,56.99,,59.78,,,,53.2,
2018-01-27,,44.99,56.99,,59.81,,,,57.72666666666667,
2018-01-28,,44.99,56.99,,59.365,,,,52.02,
2018-01-29,,44.99,56.99,,59.81,,,,56.004999999999995,
2018-01-30,,44.99,56.99,,58.99,,,,56.802,
2018-01-31,,44.99,56.99,,59.88,,,,56.005,
2018-02-01,,44.99,56.99,,58.99,,,,56.03,
2018-02-02,,44.99,56.99,,58.99,,,,55.238,
2018-02-03,,44.99,56.99,,58.99,,,,57.35,
2018-02-04,,44.99,56.99,,58.99,,,,57.35,
2018-02-05,,44.99,56.99,,58.95,,,,56.06,
2018-02-06,,44.99,56.99,,58.864999999999995,,,,55.274,
2018-02-07,,44.99,56.99,,57.95,,,,56.06,
2018-02-08,,44.99,55.75,,57.373333333333335,,,,56.06,
2018-02-09,,44.99,55.75,,54.98,,,,57.32,
2018-02-10,,44.99,55.75,,54.98,,,,47.95,
2018-02-11,,44.99,55.75,,54.98,,,,48.99,
2018-02-12,,44.99,55.75,,54.98,,,,48.99,
2018-02-13,,44.99,55.75,,54.98,,,,48.99,
2018-02-14,,44.99,55.75,,54.98,,,,48.99,
2018-02-15,,44.99,55.75,,54.98,,,,48.99,
2018-02-16,,44.99,55.75,,54.0,,,,48.99,
2018-02-17,,44.99,55.75,,54.0,,,,39.99,
2018-02-18,,44.99,55.75,,54.0,,,,51.68,
2018-02-19,,44.99,55.75,,54.98,,,,57.22,
2018-02-20,,44.99,55.75,,54.98,,,,55.835,
2018-02-21,,44.99,45.0,,54.98,,,,55.67250000000001,
2018-02-22,,44.99,45.0,,54.98,,,,55.24142857142857,
2018-02-23,,44.99,45.0,,54.98,,,,51.72,
2018-02-24,,44.99,44.99,,54.98,,,,51.72,
2018-02-25,,44.99,44.99,,54.98,,,,52.0,
2018-02-26,,44.99,44.99,,54.0,,,,52.0,
2018-02-27,,44.99,44.99,,54.0,,,,52.0,
2018-02-28,,44.99,44.99,,54.0,,,,39.99,
2018-03-01,,44.99,44.99,,54.98,,,,39.99,
2018-03-02,,44.99,44.99,,54.0,,,,39.99,
2018-03-03,,44.99,44.99,,53.725,,,,44.9,
2018-03-04,,44.99,44.99,,53.43,,,,44.9,
2018-03-05,,44.99,44.99,,53.43,,,,44.9,32.99
2018-03-06,,43.75,44.99,,54.0,,,,44.9,34.99
2018-03-07,,49.99,44.99,,54.0,,,,44.9,36.99
2018-03-08,,46.870000000000005,44.99,,54.0,,,,44.9,36.99
2018-03-09,,46.870000000000005,44.99,,52.79333333333333,,,,44.9,39.99
2018-03-10,,46.870000000000005,44.99,,53.99666666666667,,,,44.9,39.99
2018-03-11,,46.870000000000005,44.99,,53.715,,,,55.13,39.99
2018-03-12,,46.870000000000005,44.99,,53.715,,,,55.095,39.99
2018-03-13,,46.870000000000005,44.99,,53.715,,,,53.722,39.99
2018-03-14,,46.870000000000005,44.99,,53.715,,,,54.75500000000001,36.99
2018-03-15,,46.870000000000005,44.99,,53.715,,,,51.76800000000001,36.99
2018-03-16,,46.870000000000005,44.99,,53.96,,,,51.76800000000001,38.99
2018-03-17,,49.84,44.99,,53.92,,,,51.76800000000001,38.99
2018-03-18,,49.72142857142857,44.99,,53.88,,,,51.76800000000001,38.99
2018-03-19,,49.072142857142865,44.99,,53.85,,,,51.76800000000001,38.99
2018-03-20,,47.912,44.99,,53.85,,,,51.76800000000001,38.99
2018-03-21,,48.99,44.99,,53.82,,,,51.76800000000001,35.99
2018-03-22,,46.99,44.99,,53.8,,,,55.417142857142856,35.99
2018-03-23,,46.870000000000005,44.99,,53.79,,,,52.60923076923078,35.99
2018-03-24,,46.46666666666666,44.99,,53.79,,,,53.43307692307693,35.99
2018-03-25,,46.68000000000001,44.99,,53.78,,,,53.43307692307693,35.99
2018-03-26,,46.48500000000001,44.99,,53.78,,,,29.99,35.99
2018-03-27,,46.3,44.99,,53.77,,,,29.99,35.99
2018-03-28,,47.184000000000005,44.99,,53.77,,,,29.916666666666668,35.99
2018-03-29,,47.184000000000005,44.99,,53.76,,,,29.9075,35.99
2018-03-30,,48.99,44.99,,53.76,,,,29.99,41.65
2018-03-31,,48.99,44.99,,53.76,,,,29.99,35.99
2018-04-01,,48.99,44.99,,53.75,,,,29.99,35.99
2018-04-02,,48.99,44.99,,53.75,,,,50.598333333333336,35.99
2018-04-03,,47.30833333333334,44.99,,53.75,,,,53.227999999999994,35.99
2018-04-04,,48.43000000000001,44.99,,53.74,,,,55.160000000000004,35.99
2018-04-05,,48.43000000000001,44.99,,53.74,,,,55.76375,35.99
2018-04-06,,48.99,44.99,,53.73,,,,57.736000000000004,35.99
2018-04-07,,48.99,44.99,,53.73,,,,56.708333333333336,35.99
2018-04-08,,48.915,44.99,,53.43,,,,56.38,35.99
2018-04-09,,48.99,44.99,,53.605,,,,54.928,35.99
2018-04-10,,48.99,44.99,,53.72,,,,39.75,35.99
2018-04-11,,48.99,54.98,,53.99,,,,53.155,33.99
2018-04-12,,48.99,54.98,,54.93,,,,53.06285714285715,33.99
2018-04-13,,49.99,54.97,,54.373333333333335,,,,55.225,33.99
2018-04-14,,48.99,54.97,,54.373333333333335,,,,54.52285714285714,33.99
2018-04-15,,48.99,54.97,,54.19,,,,55.185,33.99
2018-04-16,,49.99,54.97,,54.95,,,,48.695,33.99
2018-04-17,,49.99,54.98,,54.95,,,,51.92666666666667,33.99
2018-04-18,,49.99,54.98,,54.95,,,,51.92666666666667,33.99
2018-04-19,,49.99,55.98,,54.95,,,,51.92666666666667,33.99
2018-04-20,,49.99,55.98,,54.94,,,,29.99,33.99
2018-04-21,,49.99,55.98,,54.94,,,,29.99,33.99
2018-04-22,,49.99,54.47,,54.94,,,,29.99,33.99
2018-04-23,,49.99,54.98,,54.95,,,,29.99,33.99
2018-04-24,,49.99,54.98,,54.93,,,,29.99,33.99
2018-04-25,,49.99,54.98,,54.95,,,,45.51333333333334,33.99
2018-04-26,,49.99,54.98,,54.92,,,,55.167500000000004,33.99
2018-04-27,,49.99,54.98,,54.95,,,,54.07666666666666,33.99
2018-04-28,,49.99,54.98,,54.91,,,,57.03,33.99
2018-04-29,,49.99,54.98,,54.91,,,,55.532000000000004,33.99
2018-04-30,,49.99,54.98,,54.91,,,,55.532000000000004,33.99
2018-05-01,,49.99,54.98,,54.925,,,,55.532000000000004,33.99
2018-05-02,,49.99,54.98,,54.795,,,,55.532000000000004,33.99
2018-05-03,,49.99,54.98,,54.795,,,,55.532000000000004,33.99
2018-05-04,,49.99,54.98,,54.795,,,,55.532000000000004,33.99
2018-05-05,,49.99,54.98,,54.795,,,,55.532000000000004,33.99
2018-05-06,,49.99,54.98,,54.795,,,,55.532000000000004,33.99
2018-05-07,,49.99,54.98,,54.695,,,,55.532000000000004,33.99
2018-05-08,,49.99,54.98,,54.695,,,,55.532000000000004,33.99
2018-05-09,,49.99,54.98,,54.695,,,,55.532000000000004,33.99
2018-05-10,,49.99,54.98,,54.695,,,,55.532000000000004,33.99
2018-05-11,,49.99,54.98,,54.695,,,,55.532000000000004,33.99
2018-05-12,,49.99,54.98,,54.695,,,,55.532000000000004,33.99
2018-05-13,,49.99,54.98,,54.695,,,,55.532000000000004,33.99
2018-05-14,,49.99,54.98,,54.83,,,,55.532000000000004,33.99
2018-05-15,,49.99,54.98,,54.98,,,,32.19,33.99
2018-05-16,,49.99,54.98,,54.125,,,,31.72,33.99
2018-05-17,,49.99,54.98,,54.31,,,,30.854999999999997,33.99
2018-05-18,,49.99,54.98,,53.43,,,,30.854999999999997,33.99
2018-05-19,,49.99,50.0,,53.43,,,,30.854999999999997,33.99
2018-05-20,,49.99,49.85,,54.98,,,,30.854999999999997,33.99
2018-05-21,,49.99,52.415,,54.98,,,,30.51,33.99
2018-05-22,,49.99,54.98,,54.98,,,,30.82,33.99
2018-05-23,,49.99,54.98,,53.989999999999995,,,,30.82,33.99
2018-05-24,,49.99,54.98,,53.989999999999995,,,,30.72,33.99
2018-05-25,,49.99,54.98,,54.97,,,,28.99,33.99
2018-05-26,,49.99,54.98,,54.97,,,,28.99,33.99
2018-05-27,,49.99,54.98,,54.96,,,,28.99,33.99
2018-05-28,,49.99,54.98,,54.96,,,,28.99,33.99
2018-05-29,,49.99,54.98,,54.95,,,,31.429999999999996,33.99
2018-05-30,,49.99,54.98,,53.975,,,,31.32,33.99
2018-05-31,,49.99,54.98,,54.94,,,,31.32,33.99
2018-06-01,,49.99,54.98,,54.94,,,,31.79,33.99
2018-06-02,,49.99,54.98,,54.94,,,,30.79,199.99
2018-06-03,,49.99,54.98,,54.93,,,,30.395,33.99
2018-06-04,,49.99,54.98,,54.93,,,,30.395,33.99
2018-06-05,,49.99,54.98,,54.93,,,,31.65,33.99
2018-06-06,,49.99,54.98,,54.93,,,,30.79,33.99
2018-06-07,,49.99,54.98,,54.92,,,,31.65,33.99
2018-06-08,,49.99,54.98,,54.92,,,,31.65,33.99
2018-06-09,,49.99,54.98,,54.91,,,,31.919999999999998,33.99
2018-06-10,,49.99,54.98,,54.91,,,,31.919999999999998,33.99
2018-06-11,,49.99,54.98,,54.9,,,,31.919999999999998,33.99
2018-06-12,,49.99,54.98,,54.9,,,,32.705,33.99
2018-06-13,,49.99,54.98,,54.98,,,,32.705,33.99
2018-06-14,,49.99,54.98,,54.98,,,,34.78,33.99
2018-06-15,,49.99,54.98,,54.98,,,,33.97,33.99
2018-06-16,,49.99,54.98,,54.98,,,,33.97,33.99
2018-06-17,,49.99,54.98,,54.98,,,,32.96,33.99
2018-06-18,,49.99,54.98,,54.98,,,,33.855,33.99
2018-06-19,,49.99,54.98,,54.98,,,,33.855,33.99
2018-06-20,,49.99,54.98,,54.98,,,,34.95,33.99
2018-06-21,,49.99,54.98,,54.98,,,,34.95,33.99
2018-06-22,,49.99,54.98,,54.98,,,,34.95,33.99
2018-06-23,,49.99,54.98,,54.98,,,,34.95,33.99
2018-06-24,,49.99,54.98,,54.98,,,,34.95,33.99
2018-06-25,,49.99,54.98,,54.98,,,,34.95,33.99
2018-06-26,,49.99,54.96333333333334,,54.98,,,,33.535,33.99
2018-06-27,,49.99,54.94,,54.98,,,,31.994999999999997,33.99
2018-06-28,,49.99,54.9,,54.98,,,,31.994999999999997,33.99
2018-06-29,,49.99,54.9,,54.98,,,,31.955,33.99
2018-06-30,,49.99,54.9,,54.98,,,,31.955,33.99
2018-07-01,,49.99,54.9,,54.98,,,,31.955,33.99
2018-07-02,,49.99,54.9,,54.99,,,,32.16,33.99
2018-07-03,,49.99,54.9,,54.985,,,,32.16,33.99
2018-07-04,,49.99,54.9,,54.98,,,,34.95,33.99
2018-07-05,,49.99,54.9,,54.98,,,,34.95,33.99
2018-07-06,,49.99,54.9,,54.98,,,,35.233333333333334,33.99
2018-07-07,,49.99,54.9,,54.98,,,,35.233333333333334,33.99
2018-07-08,,49.99,54.9,,54.98,,,,35.79,33.99
2018-07-09,,49.99,54.9,,54.98,,,,33.894999999999996,33.99
2018-07-10,,49.99,54.9,,54.98,,,,36.203333333333326,33.99
2018-07-11,,49.99,54.9,,54.98,,,,36.97,33.99
2018-07-12,,49.99,54.9,,54.98,,,,36.97,33.99
2018-07-13,,49.99,54.9,,54.98,,,,36.51800000000001,33.99
2018-07-14,,49.99,54.98,,54.98,,,,36.97,33.99
2018-07-15,,49.99,54.94,,54.98,,,,36.97,33.99
2018-07-16,,49.99,54.98,,54.98,,,,36.97,33.99
2018-07-17,,49.99,54.98,,54.98,,,,36.97,33.99
2018-07-18,,49.99,54.98,,54.974999999999994,,,,36.965,33.99
2018-07-19,,49.99,54.98,,54.974999999999994,,,,36.39,33.99
2018-07-20,,49.99,54.98,,54.97333333333333,,,,36.97,33.99
2018-07-21,,49.99,54.98,,54.98,,,,39.99,33.99
2018-07-22,,49.99,54.98,,54.98,,,,38.720000000000006,33.99
2018-07-23,,49.99,54.98,,54.98,,,,38.720000000000006,33.99
2018-07-24,,49.99,54.98,,54.98,,,,39.88,33.99
2018-07-25,,49.99,54.99,,54.99,,,,39.88,33.99
2018-07-26,,49.99,54.99,,54.98,,,,39.025,33.99
2018-07-27,,49.99,54.99,,54.98666666666667,,,,38.38285714285714,33.99
2018-07-28,,49.99,54.99,,54.98333333333333,,,,36.575,33.99
2018-07-29,,49.99,54.99,,54.99,,,,36.575,33.99
2018-07-30,,49.99,54.98,,54.24,,,,36.575,33.99
2018-07-31,,49.99,54.99,,54.290000000000006,,,,36.0,33.99
2018-08-01,,49.99,54.99,,54.52333333333334,,,,36.89,33.99
2018-08-02,,49.99,54.99,,53.49,,,,36.427499999999995,33.99
2018-08-03,,49.99,54.99,,53.49,,,,36.1,33.99
2018-08-04,,49.99,54.99,,54.99,,,,35.405,33.99
2018-08-05,,49.99,54.99,,54.745000000000005,,,,35.405,33.99
2018-08-06,,49.99,54.99,,54.745000000000005,,,,35.405,33.99
2018-08-07,,49.99,54.99,,53.830000000000005,,,,35.3,33.99
2018-08-08,,49.99,54.99,,54.99,,,,34.5,33.99
2018-08-09,,49.99,54.99,,53.25,,,,35.065,33.99
2018-08-10,,49.99,54.99,,53.25,,,,34.675,33.99
2018-08-11,,49.99,54.99,,53.25,,,,34.675,33.99
2018-08-12,,49.99,54.99,,53.25,,,,34.5,33.99
2018-08-13,,49.99,54.99,,53.25,,,,34.5,33.99
2018-08-14,,49.99,44.995000000000005,,44.995000000000005,,,,34.5,33.99
2018-08-15,,49.99,44.995000000000005,,44.995000000000005,,,,34.5,33.99
2018-08-16,,49.99,44.995000000000005,,44.995000000000005,,,,32.42,33.99
2018-08-17,,49.99,44.995000000000005,,44.995000000000005,,,,32.42,33.99
2018-08-18,,49.99,44.995000000000005,,44.995000000000005,,,,32.42,33.99
2018-08-19,,49.99,44.995000000000005,,44.995000000000005,,,,32.42,33.99
2018-08-20,,49.99,44.995000000000005,,44.995000000000005,,,,32.42,33.99
2018-08-21,,49.99,44.995000000000005,,44.995000000000005,,,,32.42,33.99
2018-08-22,,49.99,44.995000000000005,,44.995000000000005,,,,32.42,33.99
2018-08-23,,49.99,44.995000000000005,,44.995000000000005,,,,32.42,33.99
2018-08-24,,49.99,44.995000000000005,,44.995000000000005,,,,32.21,33.99
2018-08-25,,49.99,44.995000000000005,,44.995000000000005,,,,32.21,33.99
2018-08-26,,49.99,44.995000000000005,,44.995000000000005,,,,32.21,33.99
2018-08-27,,49.99,44.995000000000005,,44.995000000000005,,,,32.21,33.99
2018-08-28,,49.99,44.995000000000005,,44.995000000000005,,,,32.21,35.99
2018-08-29,,49.99,44.995000000000005,,44.995000000000005,,,,32.21,35.99
2018-08-30,,49.99,44.995000000000005,,44.995000000000005,,,,32.21,35.99
2018-08-31,,49.99,44.995000000000005,,44.995000000000005,,,,32.21,35.99
2018-09-01,,49.99,44.995000000000005,,44.995000000000005,,,,31.21,35.99
2018-09-02,,49.99,44.995000000000005,,44.995000000000005,,,,31.21,35.99
2018-09-03,,49.99,44.995000000000005,,44.995000000000005,,,,31.21,35.99
2018-09-04,,49.99,44.995000000000005,,44.995000000000005,,,,29.88,35.99
2018-09-05,,49.99,44.995000000000005,,44.995000000000005,,,,32.5,35.99
2018-09-06,,49.99,44.995000000000005,,44.995000000000005,,,,32.5,35.49
2018-09-07,,49.99,44.995000000000005,,44.995000000000005,,,,32.5,35.49
2018-09-08,,49.99,44.995000000000005,,44.995000000000005,,,,31.5,35.49
2018-09-09,,49.99,44.995000000000005,,44.995000000000005,,,,31.5,35.49
2018-09-10,,49.99,44.995000000000005,,44.995000000000005,,,,31.5,35.49
2018-09-11,,49.99,44.995000000000005,,44.995000000000005,,,,31.5,35.49
2018-09-12,,49.99,57.99,,44.995000000000005,,,,31.5,34.99
2018-09-13,,49.99,57.7,,49.49,,,,35.06,36.99
2018-09-14,,49.99,57.7,,58.445,,,,35.06,36.99
2018-09-15,,49.99,57.7,,58.445,,,,35.06,36.99
2018-09-16,,49.99,57.45399999999999,,58.155,,,,35.06,36.99
2018-09-17,,49.99,57.45399999999999,,58.49,,,,35.06,36.99
2018-09-18,,49.99,57.276666666666664,,49.29,,,,30.509999999999998,36.99
2018-09-19,,49.99,55.14333333333334,,48.73,,,,30.509999999999998,36.99
2018-09-20,,49.99,55.14333333333334,,48.85,,,,30.509999999999998,36.99
2018-09-21,,49.99,55.14333333333334,,48.85,,,,31.0,36.99
2018-09-22,,49.99,55.14333333333334,,48.785,,,,31.0,36.99
2018-09-23,,49.99,55.14333333333334,,49.39,,,,31.0,36.99
2018-09-24,,49.99,55.14333333333334,,49.39,,,,31.0,36.99
2018-09-25,,49.99,55.14333333333334,,48.98,,,,30.225,36.99
2018-09-26,,49.99,55.14333333333334,,46.865,,,,30.225,36.99
2018-09-27,,49.99,55.14333333333334,,46.865,,,,30.225,36.99
2018-09-28,,49.99,55.14333333333334,,46.865,,,,30.94,36.99
2018-09-29,,49.99,55.14333333333334,,46.865,,,,31.0,36.99
2018-09-30,,49.99,55.14333333333334,,46.865,,,,31.0,36.99
2018-10-01,,49.99,55.14333333333334,,46.865,,,,31.0,36.99
2018-10-02,,49.99,55.14333333333334,,46.865,,,,31.0,36.99
2018-10-03,,49.99,55.14333333333334,,46.865,,,,31.0,36.99
2018-10-04,,49.99,55.14333333333334,,46.865,,,,31.0,36.99
2018-10-05,,49.99,44.99,,46.865,,,,31.0,36.99
2018-10-06,,49.99,44.99,,46.865,,,,31.0,36.99
2018-10-07,,49.99,44.99,,46.865,,,,31.0,36.99
2018-10-08,,49.99,44.99,,46.865,,,,31.0,36.99
2018-10-09,,49.99,44.99,,46.865,,,,31.0,36.99
2018-10-10,,49.99,58.49,,44.99,,,,30.744999999999997,36.99
2018-10-11,,49.99,57.58666666666667,,44.99,,,,30.0,36.01
2018-10-12,,49.99,57.99,,44.99,,,,30.0,36.01
2018-10-13,,49.99,56.92583333333334,,44.99,,,,30.0,36.01
2018-10-14,,49.99,56.92583333333334,,44.99,,,,30.0,36.01
2018-10-15,,49.99,56.92583333333334,,44.99,,,,30.0,36.01
2018-10-16,,49.99,56.92583333333334,,44.99,,,,29.5,36.01
2018-10-17,,49.99,56.92583333333334,,44.99,,,,29.5,36.01
2018-10-18,,49.99,56.92583333333334,,44.99,,,,29.5,36.01
2018-10-19,,49.99,54.85,,44.99,,,,29.5,36.01
2018-10-20,,49.99,54.85,,44.99,,,,29.5,36.01
2018-10-21,,49.99,54.85,,44.99,,,,29.5,36.01
2018-10-22,,49.99,54.85,,44.99,,,,29.5,36.01
2018-10-23,,49.99,54.85,,44.99,,,,29.5,36.01
2018-10-24,,49.99,54.85,,44.99,,,,29.0,36.01
2018-10-25,,49.99,54.85,,44.99,,,,29.0,36.01
2018-10-26,,49.99,54.85,,44.99,,,,28.99,36.01
2018-10-27,,49.99,54.85,,44.99,,,,29.0,36.01
2018-10-28,,49.99,54.85,,44.99,,,,29.0,36.01
2018-10-29,,49.99,54.85,,44.99,,,,29.0,36.01
2018-10-30,,49.99,54.85,,44.99,,,,29.0,36.01
2018-10-31,,49.99,54.85,,44.99,,,,29.0,36.01
2018-11-01,,49.99,54.85,,44.99,,,,29.0,36.01
2018-11-02,,49.99,54.85,,44.99,,,,30.0,36.01
2018-11-03,,49.99,54.84,,44.99,,,,29.975,36.01
2018-11-04,,49.99,54.84,,44.99,,,,35.06,36.01
2018-11-05,,49.99,54.84,,44.99,,,,35.06,36.01
2018-11-06,,49.99,54.84,,44.99,,,,36.99,36.01
2018-11-07,,49.99,54.84,,44.99,,,,36.99,36.01
2018-11-08,,49.99,54.84,,44.99,,,,36.965,36.01
2018-11-09,,49.95,54.84,,44.99,,,,36.93,36.01
2018-11-10,,49.95,54.84,,44.99,,,,36.92666666666667,36.01
2018-11-11,,49.95,54.84,,44.99,,,,37.61666666666667,36.01
2018-11-12,,49.95,54.84,,44.99,,,,37.61666666666667,36.01
2018-11-13,,49.95,54.83,,44.99,,,,39.06333333333333,36.01
2018-11-14,,49.95,54.83,,44.99,,,,37.85,36.01
2018-11-15,,49.95,54.83,,44.99,,,,37.144999999999996,36.01
2018-11-16,,49.95,54.83,,44.99,,,,36.95,36.01
2018-11-17,,49.95,54.83,,44.99,,,,36.95,36.01
2018-11-18,,49.95,54.83,,50.99,,,,31.875,36.01
2018-11-19,,49.95,54.83,,50.99,,,,31.5,36.01
2018-11-20,,49.97,54.83,,50.99,,,,31.5,36.01
2018-11-21,,39.99,54.83,,50.99,,,,31.39,36.01
2018-11-22,,39.99,54.83,,59.99,,,,31.39,36.01
2018-11-23,,39.99,47.5,,59.99,,,,30.995714285714282,36.01
2018-11-24,,39.99,47.5,,59.99,,,,31.2325,36.01
2018-11-25,,39.99,47.5,,59.99,,,,31.17,36.01
2018-11-26,,39.99,54.99,,59.99,,,,33.22166666666667,36.01
2018-11-27,,44.99,54.99,,59.99,,,,35.084999999999994,36.01
2018-11-28,,49.99,54.99,,59.99,,,,34.97,36.01
2018-11-29,,39.99,54.99,,59.88,,,,33.85,36.01
2018-11-30,,39.99,54.99,,59.88,,,,33.85,36.01
2018-12-01,,39.99,54.99,,59.88,,,,35.97375,36.01
2018-12-02,,49.99,54.99,,59.88,,,,32.75,36.01
2018-12-03,,49.99,54.99,,59.88,,,,32.75,36.01
2018-12-04,,49.99,54.99,,59.88,,,,28.619999999999997,36.01
2018-12-05,,49.99,54.99,,59.88,,,,31.875,36.01
2018-12-06,,49.99,54.99,,59.88,,,,32.0,36.01
2018-12-07,,49.99,54.99,,59.88,,,,30.99,36.01
2018-12-08,,49.99,54.99,,59.88,,,,31.465,36.01
2018-12-09,,49.99,54.99,,59.88,,,,31.465,36.01
2018-12-10,,49.99,54.99,,59.88,,,,32.068,36.01
2018-12-11,,49.99,54.99,,59.88,,,,32.64333333333334,36.01
2018-12-12,,49.99,54.99,,59.88,,,,32.965,36.01
2018-12-13,,49.99,45.0,,57.5,,,,32.965,36.01
2018-12-14,,49.99,45.0,,57.5,,,,32.965,36.01
2018-12-15,,49.99,45.0,,57.5,,,,30.47,36.01
2018-12-16,,49.99,45.0,,57.99,,,,30.47,36.01
2018-12-17,,49.99,45.0,,57.15,,,,31.435000000000002,36.01
2018-12-18,,49.99,45.49,,57.15,,,,30.195714285714292,36.01
2018-12-19,,49.99,45.49,,57.14,,,,31.622000000000003,36.01
2018-12-20,,49.99,59.88,,57.14,,,,31.964,36.01
2018-12-21,,49.99,59.88,,57.14,,,,30.97,36.01
2018-12-22,,49.99,59.88,,57.14,,,,29.895,36.01
2018-12-23,,49.99,59.88,,57.14,,,,30.09,36.01
2018-12-24,,49.99,59.88,,57.99,,,,29.986666666666668,36.01
2018-12-25,,49.99,59.88,,57.99,,,,29.924,36.01
2018-12-26,,49.99,59.88,,57.99,,,,29.502,36.01
2018-12-27,,49.99,59.88,,57.99,,,,30.5,36.01
2018-12-28,,49.99,59.88,,57.1,,,,31.44333333333333,36.01
2018-12-29,,49.99,59.88,,57.1,,,,31.44333333333333,36.01
2018-12-30,,49.99,59.88,,57.1,,,,31.44333333333333,36.01
2018-12-31,,49.99,59.88,,57.1,,,,31.44333333333333,36.01
2019-01-01,,49.99,59.88,,57.1,,,,30.71,36.01
2019-01-02,,49.99,59.88,,57.1,,,,30.959999999999997,36.01
2019-01-03,,49.99,59.88,,57.1,,,,29.66,36.01
2019-01-04,,49.99,59.88,,57.1,,,,29.66,36.01
2019-01-05,,49.99,59.88,,57.1,,,,29.66,36.01
2019-01-06,,49.99,59.88,,57.1,,,,29.66,36.01
2019-01-07,,49.99,59.88,,57.1,,,,29.66,36.01
2019-01-08,,49.99,59.88,,41.99,,,,30.47,36.01
2019-01-09,,49.99,59.88,,41.99,,,,29.48,36.01
2019-01-10,,49.99,59.88,,41.99,,,,29.327999999999996,36.01
2019-01-11,,49.99,59.88,,41.99,,,,29.34,36.01
2019-01-12,,49.99,59.88,,41.99,,,,29.28,36.01
2019-01-13,,49.99,59.88,,59.88,,,,29.28,36.01
2019-01-14,,49.99,59.88,,59.88,,,,28.674999999999997,36.01
2019-01-15,,49.99,59.88,,59.88,,,,29.36,36.01
2019-01-16,,48.75,59.88,,59.88,,,,28.625,36.01
2019-01-17,,48.75,59.88,,59.370000000000005,,,,28.5,36.01
2019-01-18,,49.49,59.88,,58.9,,,,25.05,36.01
2019-01-19,,49.99,59.88,,58.9,,,,25.05,36.01
2019-01-20,,39.995000000000005,59.88,,58.9,,,,25.0,36.01
2019-01-21,,39.995000000000005,59.88,,58.9,,,,25.0,36.01
2019-01-22,,39.995000000000005,59.88,,58.99,,,,28.5,36.01
2019-01-23,,39.995000000000005,59.88,,58.936,,,,28.5,36.01
2019-01-24,,39.995000000000005,59.88,,58.95,,,,25.54,36.01
2019-01-25,,39.995000000000005,59.88,,58.95,,,,28.5,36.01
2019-01-26,,39.995000000000005,59.88,,58.95,,,,28.5,36.01
2019-01-27,,39.995000000000005,59.88,,58.95,,,,28.5,36.01
2019-01-28,,49.370000000000005,59.88,,58.99,,,,28.5,36.01
2019-01-29,,49.99,57.99,,58.99,,,,29.36,36.01
2019-01-30,,49.99,57.99,,58.99,,,,29.36,36.01
2019-01-31,,49.99,57.99,,58.97,,,,28.18,36.01
2019-02-01,,49.99,59.88,,58.95,,,,28.18,36.01
2019-02-02,,49.99,59.88,,58.95,,,,28.18,36.01
2019-02-03,,48.99,59.88,,58.95,,,,28.18,36.01
2019-02-04,,48.99,59.88,,58.99,,,,28.99,36.01
2019-02-05,,48.99,59.88,,58.99,,,,29.36,36.01
2019-02-06,,48.99,52.44,,58.99,,,,25.0,36.01
2019-02-07,,48.99,52.44,,58.99,,,,25.0,36.01
2019-02-08,,48.99,59.88,,58.99,,,,29.36,36.01
2019-02-09,,48.99,59.88,,45.49,,,,29.36,36.01
2019-02-10,,48.99,59.88,,45.49,,,,29.174999999999997,36.01
2019-02-11,,48.99,59.88,,45.49,,,,26.3,36.01
2019-02-12,,48.99,59.88,,45.49,,,,25.9,36.01
2019-02-13,,48.99,59.88,,45.49,,,,26.0,36.01
2019-02-14,,48.99,59.88,,45.49,,,,26.0,26.99
2019-02-15,,48.99,59.88,,45.49,,,,26.0,26.99
2019-02-16,,48.99,59.88,,45.49,,,,25.494999999999997,26.99
2019-02-17,,48.99,59.88,,45.49,,,,25.494999999999997,26.99
2019-02-18,,48.99,59.88,,45.49,,,,25.494999999999997,26.99
2019-02-19,,49.99,59.88,,45.49,,,,25.630000000000003,26.99
2019-02-20,,49.49,59.88,,45.49,,,,25.630000000000003,26.99
2019-02-21,,49.49,59.88,,45.49,,,,25.075,26.99
2019-02-22,,49.49,59.88,,45.49,,,,25.075,26.99
2019-02-23,,49.49,59.88,,45.49,,,,25.075,26.99
2019-02-24,,49.49,45.49,,45.49,,,,24.44,26.99
2019-02-25,,49.49,45.49,,58.95,,,,24.44,26.99
2019-02-26,,49.49,45.49,,58.95,,,,24.095,26.99
2019-02-27,,49.49,45.49,,58.95,,,,21.48,26.99
2019-02-28,,49.49,58.5,,58.95,,,,25.0,26.99
2019-03-01,,49.49,58.5,,58.95,,,,25.0,26.99
2019-03-02,,49.49,58.5,,58.95,,,,24.0,26.99
2019-03-03,,49.49,58.5,,58.95,,,,24.0,26.99
2019-03-04,,49.49,58.5,,58.95,,,,24.093333333333334,26.99
2019-03-05,,39.99,59.88,,58.95,,,,24.055,26.99
2019-03-06,,49.99,59.88,,58.95,,,,24.0,26.99
2019-03-07,,39.99,59.88,,58.95,,,,24.0,26.99
2019-03-08,,39.99,59.88,,58.95,,,,24.0,26.99
2019-03-09,,39.99,59.88,,58.95,,,,23.97,26.99
2019-03-10,,39.99,59.88,,58.95,,,,23.97,26.99
2019-03-11,,39.99,59.88,,58.95,,,,23.97,26.99
2019-03-12,,49.99,59.88,,58.99,,,,23.97,26.99
2019-03-13,,39.99,59.88,,58.99,,,,23.97,26.99
2019-03-14,,49.99,59.88,,58.99,,,,22.965,26.99
2019-03-15,,49.99,59.88,,58.99,,,,23.545,26.99
2019-03-16,,49.99,59.88,,58.99,,,,23.545,26.99
2019-03-17,,49.99,59.88,,58.99,,,,24.0,26.99
2019-03-18,,49.99,59.88,,58.99,,,,24.0,26.99
2019-03-19,,49.99,59.88,,58.99,,,,24.0,26.99
2019-03-20,,49.99,59.88,,58.99,,,,24.0,26.99
2019-03-21,,49.99,59.88,,58.99,,,,24.0,26.99
2019-03-22,,49.99,59.88,,58.99,,,,24.0,26.99
2019-03-23,,49.99,59.88,,56.93,,,,24.0,26.99
2019-03-24,,49.99,59.88,,56.93,,,,24.0,26.99
2019-03-25,,49.99,59.88,,56.93,,,,22.85,26.99
2019-03-26,,49.99,59.88,,56.93,,,,23.996666666666666,26.99
2019-03-27,,49.99,59.88,,56.93,,,,22.92,26.99
2019-03-28,,49.99,59.88,,56.92,,,,22.92,26.99
2019-03-29,,49.99,59.88,,56.92,,,,26.0,26.99
2019-03-30,,49.99,59.88,,56.92,,,,26.0,26.99
2019-03-31,,49.99,59.88,,56.92,,,,26.0,26.99
2019-04-01,,49.99,59.88,,56.955,,,,24.744999999999997,26.99
2019-04-02,,49.99,59.88,,56.955,,,,24.744999999999997,26.99
2019-04-03,,49.99,59.88,,56.955,,,,24.744999999999997,26.99
2019-04-04,,49.99,59.88,,55.99,,,,24.744999999999997,26.99
2019-04-05,,49.99,59.88,,49.94,,,,24.49,26.99
2019-04-06,,49.99,59.88,,49.94,,,,24.49,26.99
2019-04-07,,49.99,59.88,,49.94,,,,24.49,26.99
2019-04-08,,49.99,59.88,,49.99,,,,24.49,26.99
2019-04-09,,49.99,59.88,,56.25,,,,24.156666666666666,26.99
2019-04-10,,49.99,59.88,,54.99,,,,23.9,26.99
2019-04-11,,49.99,59.88,,54.99,,,,23.9,26.99
2019-04-12,,49.99,49.99,,54.99,,,,23.63,26.99
2019-04-13,,49.99,49.99,,54.99,,,,23.63,26.99
2019-04-14,,49.99,59.760000000000005,,54.99,,,,23.869999999999997,26.99
2019-04-15,,49.99,59.99,,54.99,,,,23.869999999999997,26.99
2019-04-16,,49.99,59.760000000000005,,53.7,,,,22.98,26.99
2019-04-17,,49.99,59.760000000000005,,54.99,,,,24.625,26.99
2019-04-18,,49.99,59.50600000000001,,54.99,,,,24.625,26.99
2019-04-19,,49.99,59.50600000000001,,54.99,,,,26.98,26.99
2019-04-20,,49.99,59.99,,54.99,,,,26.98,26.99
2019-04-21,,49.99,59.99,,54.99,,,,24.99,26.99
2019-04-22,,49.99,59.99,,49.94,,,,24.99,26.99
2019-04-23,,49.99,59.99,,49.94,,,,23.986666666666665,26.99
2019-04-24,,49.99,59.99,,49.94,,,,21.715,26.99
2019-04-25,,49.99,59.99,,49.94,,,,21.715,26.99
2019-04-26,,49.99,49.94,,49.94,,,,22.895,26.99
2019-04-27,,49.99,49.94,,49.94,,,,23.46,26.99
2019-04-28,,49.99,49.94,,49.94,,,,23.46,26.99
2019-04-29,,49.99,49.94,,49.94,,,,23.46,26.99
2019-04-30,,49.99,49.94,,49.94,,,,23.99,26.99
2019-05-01,,49.99,49.94,,49.68,,,,23.99,26.99
2019-05-02,,49.99,49.94,,49.68,,,,23.99,26.99
2019-05-03,,49.99,49.94,,49.68,,,,23.99,26.99
2019-05-04,,49.99,49.94,,49.68,,,,23.99,26.99
2019-05-05,,49.99,49.94,,49.68,,,,24.99,26.99
2019-05-06,,49.99,49.94,,49.94,,,,24.91,26.99
2019-05-07,,49.99,49.94,,49.94,,,,23.323333333333334,26.99
2019-05-08,,49.99,49.94,,49.94,,,,25.0,26.99
2019-05-09,,49.99,49.94,,49.94,,,,21.34,26.99
2019-05-10,,49.99,49.94,,49.94,,,,24.98333333333333,26.99
2019-05-11,,49.99,49.94,,49.94,,,,24.746666666666666,26.99
2019-05-12,,49.99,49.94,,49.94,,,,22.244999999999997,26.99
2019-05-13,,49.99,49.94,,49.94,,,,22.244999999999997,26.99
2019-05-14,,49.99,49.94,,49.94,,,,22.244999999999997,26.99
2019-05-15,,49.99,49.94,,49.94,,,,22.244999999999997,26.99
2019-05-16,,49.99,49.94,,49.94,,,,22.244999999999997,26.99
2019-05-17,,49.99,49.94,,49.94,,,,23.66,26.99
2019-05-18,,49.99,49.94,,49.94,,,,21.458,26.99
2019-05-19,,49.99,49.94,,49.94,,,,24.5,26.99
2019-05-20,,49.99,49.94,,49.94,,,,24.5,26.99
2019-05-21,,49.99,49.94,,49.94,,,,24.5,26.99
2019-05-22,,49.99,49.94,,49.94,,,,24.65,26.99
2019-05-23,,49.99,49.94,,49.94,,,,23.79,26.99
2019-05-24,,49.99,49.94,,49.94,,,,22.47666666666667,26.99
2019-05-25,,49.99,49.94,,49.94,,,,22.47666666666667,26.99
2019-05-26,,49.99,49.94,,49.94,,,,20.165,26.99
2019-05-27,,49.99,49.94,,49.94,,,,22.83,26.99
2019-05-28,,49.99,49.94,,49.94,,,,19.99,26.99
2019-05-29,,49.99,49.94,,49.94,,,,19.99,26.99
2019-05-30,,49.99,49.965,,49.94,,,,22.048,26.99
2019-05-31,,49.99,49.965,,49.94,,,,21.91,26.99
2019-06-01,,49.99,49.965,,49.94,,,,24.65,26.99
2019-06-02,,49.99,49.965,,49.94,,,,26.98,26.99
2019-06-03,,49.99,49.965,,49.94,,,,26.98,26.99
2019-06-04,,49.99,49.965,,49.94,,,,19.99,26.99
2019-06-05,,49.99,49.965,,49.94,,,,19.99,26.99
2019-06-06,,49.99,49.965,,49.94,,,,19.99,26.99
2019-06-07,,44.99,49.965,,49.94,,,,21.16,26.99
2019-06-08,,44.99,49.965,,49.94,,,,21.16,26.99
2019-06-09,,44.99,49.965,,49.94,,,,21.16,26.99
2019-06-10,,44.99,49.965,,49.94,,,,21.16,26.99
2019-06-11,,44.99,49.965,,49.94,,,,22.97,26.99
2019-06-12,,44.99,49.965,,49.94,,,,24.5,26.99
2019-06-13,,44.99,49.965,,49.68,,,,24.5,26.99
2019-06-14,,44.99,49.965,,49.68,,,,24.5,26.99
2019-06-15,,44.99,49.965,,49.68,,,,24.5,26.99
2019-06-16,,44.99,49.965,,49.68,,,,24.5,26.99
2019-06-17,,44.99,49.965,,49.68,,,,24.5,26.99
2019-06-18,,44.99,49.965,,49.68,,,,24.5,26.99
2019-06-19,,44.99,49.965,,49.68,,,,20.99,26.99
2019-06-20,,44.99,49.965,,49.68,,,,20.99,26.99
2019-06-21,,44.99,49.965,,49.68,,,,20.99,26.99
2019-06-22,,44.99,49.99,,49.68,,,,24.5,26.99
2019-06-23,,49.95,49.94,,49.68,,,,24.5,26.99
2019-06-24,,49.894999999999996,49.94,,49.68,,,,24.5,26.99
2019-06-25,,49.879999999999995,49.94,,49.68,,,,23.5,26.99
2019-06-26,,49.879999999999995,49.94,,49.68,,,,23.5,26.99
2019-06-27,,49.879999999999995,49.94,,49.68,,,,23.5,26.99
2019-06-28,,49.879999999999995,49.94,,49.68,,,,23.5,26.99
2019-06-29,,49.879999999999995,49.94,,49.68,,,,23.5,26.99
2019-06-30,,49.879999999999995,49.94,,49.68,,,,23.5,26.99
2019-07-01,,49.879999999999995,49.94,,49.68,,,,23.5,26.99
2019-07-02,,49.879999999999995,49.94,,49.68,,,,23.5,26.99
2019-07-03,,49.879999999999995,49.94,,49.68,,,,22.78,26.99
2019-07-04,,49.879999999999995,49.94,,49.68,,,,23.5,26.99
2019-07-05,,49.879999999999995,49.94,,49.68,,,,23.5,26.99
2019-07-06,,49.879999999999995,49.94,,49.68,,,,23.5,26.99
2019-07-07,,49.879999999999995,49.94,,49.68,,,,23.5,26.99
2019-07-08,,49.879999999999995,49.94,,49.68,,,,22.64,26.99
2019-07-09,,49.879999999999995,49.94,,49.67,,,,21.314999999999998,26.99
2019-07-10,,49.879999999999995,49.94,,49.67,,,,21.049999999999997,26.99
2019-07-11,,49.879999999999995,49.94,,49.67,,,,21.049999999999997,26.99
2019-07-12,,49.879999999999995,49.94,,49.67,,,,19.49,26.99
2019-07-13,,49.879999999999995,49.94,,49.67,,,,19.49,26.99
2019-07-14,,49.879999999999995,49.99,,49.99,,,,21.814999999999998,26.99
2019-07-15,,49.879999999999995,49.99,,49.99,,,,21.206666666666667,26.99
2019-07-16,,39.99,51.03,,49.99,,,,21.475,26.99
2019-07-17,771.76,49.93,51.05,,49.99,,,,24.95,26.99
2019-07-18,771.76,49.43,50.98,,49.99,,,,24.95,26.99
2019-07-19,771.76,49.43,50.98,,49.99,,,,24.99,26.99
2019-07-20,771.76,49.99,50.9,,49.99,,,,20.99,26.99
2019-07-21,771.76,49.43,51.12,,49.99,,,,20.99,26.99
2019-07-22,11.955,49.43,59.31,,49.99,,,,20.99,26.99
2019-07-23,11.955,49.43,58.97,,49.99,,,,24.99,26.99
2019-07-24,11.955,49.43,58.99,,57.51636363636364,,,,20.634999999999998,26.99
2019-07-25,11.955,49.43,59.36142857142857,,57.517500000000005,,,,26.98,26.99
2019-07-26,11.955,49.43,58.94,,57.24,,,,19.884999999999998,26.99
2019-07-27,11.955,49.43,58.99,,57.49,,,,19.99,26.99
2019-07-28,11.955,49.43,49.94,,49.94,,,,24.98,26.99
2019-07-29,11.955,49.43,49.94,55.23,49.94,,,,24.98,26.99
2019-07-30,11.955,49.43,49.94,55.23,49.94,,,,24.98,26.99
2019-07-31,11.955,49.43,49.94,55.23,49.94,,,,24.94,26.99
2019-08-01,11.955,49.43,49.94,55.23,49.94,,,,23.98,26.99
2019-08-02,11.955,49.43,49.94,55.23,49.94,,,,23.78,26.99
2019-08-03,11.955,49.43,49.94,55.23,49.94,,,,23.78,26.99
2019-08-04,11.955,49.43,49.94,55.23,49.94,,,,23.78,26.99
2019-08-05,11.955,49.43,49.965,55.23,49.94,,,,24.25,26.99
2019-08-06,11.955,49.43,49.965,55.23,49.94,,,,24.25,26.99
2019-08-07,11.955,49.89,49.965,55.23,49.465,,,,24.25,26.99
2019-08-08,11.955,49.89,49.965,55.23,49.465,,,,24.25,26.99
2019-08-09,11.955,49.894999999999996,49.965,55.23,49.465,,,,24.25,26.99
2019-08-10,11.955,49.894999999999996,49.965,55.23,49.465,,,,24.25,26.99
2019-08-11,11.955,49.894999999999996,49.965,55.23,49.68,,,,24.25,26.99
2019-08-12,11.955,49.87,49.965,55.23,49.68,,,,24.25,26.99
2019-08-13,11.955,49.87,49.965,55.23,49.68,,,,24.25,26.99
2019-08-14,11.955,49.87,49.965,55.23,49.68,,,,24.25,26.99
2019-08-15,11.955,49.87,49.965,55.23,49.68,,,,24.25,26.99
2019-08-16,11.955,49.82333333333333,49.965,55.23,49.68,,,,24.25,26.99
2019-08-17,11.955,49.485,49.965,55.23,49.68,,,,24.25,26.99
2019-08-18,11.955,49.485,49.965,55.23,49.68,,,,24.25,26.99
2019-08-19,11.955,49.485,49.965,55.23,49.68,,,,21.82,26.99
2019-08-20,11.955,49.485,49.965,55.23,49.68,,,,21.82,16.98
2019-08-21,11.955,49.485,49.965,55.23,49.68,,,,21.296666666666667,16.98
2019-08-22,11.955,49.485,49.965,55.23,49.68,,,,21.296666666666667,16.98
2019-08-23,11.955,49.485,49.965,55.23,49.68,,,,21.296666666666667,16.98
2019-08-24,11.955,49.485,49.965,55.23,49.68,,,,22.89,16.98
2019-08-25,11.955,44.99,49.965,55.23,49.68,,,,22.89,16.98
2019-08-26,11.955,44.99,49.965,55.23,49.68,,,,22.89,16.98
2019-08-27,11.955,44.99,49.965,55.23,49.68,,,,19.9,16.98
2019-08-28,11.955,44.99,49.965,55.23,49.68,,,,19.9,16.98
2019-08-29,11.955,44.99,49.965,55.23,49.68,,,,19.9,16.98
2019-08-30,11.955,44.99,49.965,55.23,49.68,,,,19.9,16.98
2019-08-31,11.955,44.99,48.9,55.23,49.68,,,,19.0,16.98
2019-09-01,11.955,44.99,48.9,55.23,49.68,,,,19.0,16.98
2019-09-02,11.955,44.99,48.0,55.23,49.68,,,,19.0,16.98
2019-09-03,11.955,44.89,48.0,55.23,49.68,,,,19.0,16.98
2019-09-04,11.955,44.88,48.0,55.23,49.68,,,,19.0,16.98
2019-09-05,11.955,44.843999999999994,48.49,55.23,49.68,,,,19.0,16.98
2019-09-06,11.955,44.690000000000005,48.49,55.23,49.68,,,,19.9,16.98
2019-09-07,11.955,44.75,48.49,55.23,49.965,,,,19.9,16.98
2019-09-08,11.955,44.693333333333335,48.49,55.23,49.965,,,,19.9,16.98
2019-09-09,11.955,44.42125,48.49,55.23,49.965,,,,19.9,16.98
2019-09-10,11.955,43.94571428571429,48.49,55.23,49.965,,,,19.9,16.98
2019-09-11,11.955,43.94571428571429,49.99,55.23,49.965,,,,19.43,16.98
2019-09-12,11.955,43.94571428571429,49.99,55.23,49.965,,,,19.43,16.98
2019-09-13,11.955,43.94571428571429,49.99,55.23,49.965,,,,19.43,16.98
2019-09-14,11.955,43.99,49.99,55.23,49.965,,,,19.43,16.98
2019-09-15,11.955,43.99,51.7,55.23,49.965,,,,19.43,16.98
2019-09-16,11.955,43.99,51.413333333333334,55.23,49.965,,,,19.43,16.98
2019-09-17,11.955,43.99,51.413333333333334,55.23,49.965,,,,19.99,16.98
2019-09-18,11.955,43.99,51.413333333333334,55.23,49.965,,,,18.5,16.98
2019-09-19,11.955,43.99,51.413333333333334,55.23,49.965,,,,18.5,16.98
2019-09-20,11.955,43.99,50.900000000000006,55.23,49.965,,,,15.99,16.98
2019-09-21,11.955,43.99,50.900000000000006,55.23,49.965,,,,21.763333333333332,16.98
2019-09-22,11.955,43.99,50.900000000000006,55.23,49.965,,,,26.240000000000002,16.98
2019-09-23,11.955,43.99,51.17,55.23,49.965,,,,24.99,16.98
2019-09-24,11.955,43.99,51.17,55.23,49.965,,,,26.483999999999998,16.98
2019-09-25,11.955,43.99,51.17,55.23,49.965,,,,24.715,16.98
2019-09-26,11.955,47.99,51.17,55.23,49.965,,,,24.715,16.98
2019-09-27,11.955,43.99,51.17,55.23,49.965,,,,24.715,16.98
2019-09-28,11.955,45.99,51.17,55.23,49.965,,,,23.656666666666666,16.98
2019-09-29,11.955,45.99,51.82,55.23,49.965,,,,23.656666666666666,16.98
2019-09-30,11.955,45.96,49.99,52.04,49.965,,,,23.656666666666666,16.98
2019-10-01,11.955,45.925000000000004,49.94,52.04,49.965,,,,17.93,16.98
2019-10-02,11.955,45.89,49.94,54.0,49.965,,,,18.5,16.98
2019-10-03,11.955,45.894999999999996,49.94,54.0,49.965,,,,19.695,16.98
2019-10-04,11.955,45.896,49.94,54.0,49.965,,,,19.695,16.98
2019-10-05,11.955,45.91,49.94,54.0,49.965,,,,18.603333333333335,16.98
2019-10-06,11.955,45.605714285714285,49.94,54.0,49.965,,,,19.080000000000002,16.98
2019-10-07,11.955,45.630952380952394,49.46,54.0,49.965,,,,19.9,16.98
2019-10-08,11.955,45.373333333333335,49.46,54.0,49.965,,,,19.9,16.98
2019-10-09,11.955,44.915,49.46,54.0,49.965,,,,19.9,16.98
2019-10-10,11.955,43.89,49.46,54.0,49.965,,,,19.9,16.98
2019-10-11,11.955,43.89,49.46,54.0,49.965,,,,19.9,16.98
2019-10-12,11.955,43.89,49.46,54.0,49.965,,,,19.9,16.98
2019-10-13,11.955,43.99,49.46,54.0,49.965,,,,19.9,16.98
2019-10-14,11.955,43.99,49.46,54.0,49.965,,,,19.9,16.98
2019-10-15,11.955,43.99,49.46,54.0,49.965,,,,23.085,16.98
2019-10-16,11.955,43.99,49.46,54.0,49.68666666666667,,,,23.085,16.98
2019-10-17,11.955,43.99,49.46,54.0,49.68666666666667,,,,23.085,16.98
2019-10-18,11.955,43.97,49.49,54.0,49.68666666666667,,,,23.085,16.98
2019-10-19,11.955,43.99,49.49,54.0,49.68666666666667,,,,23.085,16.98
2019-10-20,11.955,43.935,49.49,54.0,49.68666666666667,,,,23.085,16.98
2019-10-21,11.955,43.970000000000006,49.49,54.0,49.68666666666667,,,,19.994999999999997,16.98
2019-10-22,11.955,43.970000000000006,49.715,54.0,49.94,,,,19.994999999999997,16.98
2019-10-23,11.955,43.970000000000006,49.715,54.0,49.13,,,,18.9,16.98
2019-10-24,11.955,43.970000000000006,49.715,54.0,49.13,,,,18.9,16.98
2019-10-25,11.955,43.970000000000006,49.74,54.0,49.99,,,,19.99,16.98
2019-10-26,11.955,43.970000000000006,49.74,54.0,49.99,,,,19.9,16.98
2019-10-27,11.955,43.970000000000006,59.51,54.0,59.99,,,,19.9,15.89
2019-10-28,11.955,43.970000000000006,54.269999999999996,54.0,53.45,,,,19.9,15.89
2019-10-29,11.955,43.970000000000006,54.269999999999996,54.01,53.45,,,,19.9,15.89
2019-10-30,11.955,43.970000000000006,54.269999999999996,54.01,53.45,,,,19.9,15.89
2019-10-31,11.955,43.970000000000006,54.269999999999996,54.01,53.45,,,,19.9,15.89
2019-11-01,11.955,43.970000000000006,43.94,54.01,49.965,,,,19.9,15.89
2019-11-02,11.955,43.970000000000006,43.94,54.01,49.965,,,,19.9,15.89
2019-11-03,11.955,43.970000000000006,43.94,54.01,49.965,,,,19.9,15.89
2019-11-04,11.955,43.970000000000006,43.94,54.01,49.965,,,,21.95,15.89
2019-11-05,11.955,43.970000000000006,43.94,54.01,49.965,,,,21.95,15.89
2019-11-06,11.955,43.970000000000006,43.99,54.01,49.965,,,,21.95,15.89
2019-11-07,11.955,43.970000000000006,43.99,54.01,49.965,,,,21.99,15.89
2019-11-08,11.955,43.970000000000006,43.94,54.01,49.965,,,,21.99,15.89
2019-11-09,11.955,43.970000000000006,43.94,54.01,49.965,,,,21.99,15.89
2019-11-10,11.955,43.970000000000006,43.94,54.01,49.965,,,,21.99,15.89
2019-11-11,11.955,43.970000000000006,43.94,54.01,49.965,,,,21.99,15.89
2019-11-12,11.955,43.970000000000006,43.94,54.01,49.965,,,,21.99,15.89
2019-11-13,11.955,43.970000000000006,43.94,54.01,49.965,,,,19.9,15.89
2019-11-14,11.955,43.970000000000006,43.94,54.01,49.965,,,,19.9,15.89
2019-11-15,11.955,43.970000000000006,43.94,54.01,49.965,,,,19.9,15.89
2019-11-16,11.955,43.970000000000006,43.99,54.01,49.965,,,,19.9,15.89
2019-11-17,11.955,43.970000000000006,43.99,54.01,49.965,,,,19.9,15.89
2019-11-18,11.955,29.99,43.99,54.01,49.965,,,,19.9,15.89
2019-11-19,11.955,42.5,43.99,59.99,49.965,,,,19.9,15.89
2019-11-20,11.955,49.99,43.99,54.15,49.965,,,,19.9,15.89
2019-11-21,11.955,49.05,43.99,54.15,49.965,,,,19.9,15.89
2019-11-22,11.955,49.99,43.94,57.07,49.965,,,,19.9,15.89
2019-11-23,11.955,49.99,43.94,57.07,49.965,,,,19.9,15.89
2019-11-24,11.955,39.99,43.94,57.07,49.965,,,,19.9,15.89
2019-11-25,11.955,39.99,43.94,57.07,49.965,,,,19.9,15.89
2019-11-26,11.955,39.99,43.94,57.07,49.965,54.41,,,19.9,15.89
2019-11-27,11.955,39.99,43.94,57.07,49.965,54.41,,,19.323333333333334,15.89
2019-11-28,11.955,29.99,33.32333333333333,57.07,49.25,54.55,,,18.49,15.89
2019-11-29,11.955,29.99,39.99,57.07,49.25,54.55,,,20.055,15.89
2019-11-30,11.955,29.99,39.99,57.07,49.94,54.55,,,24.61923076923077,15.89
2019-12-01,11.955,29.99,39.99,57.07,49.94,54.55,,,23.025,15.89
2019-12-02,11.955,44.99,39.99,57.07,50.95,54.55,,,26.95,15.89
2019-12-03,11.955,44.99,49.94,57.07,54.715,54.55,,,24.99,15.89
2019-12-04,11.955,44.99,49.94,57.07,55.99,54.55,,,25.53,15.89
2019-12-05,11.955,44.99,49.94,57.07,55.99,54.55,,,25.53,15.89
2019-12-06,11.955,44.99,49.94,57.07,55.99,54.55,,,25.53,15.89
2019-12-07,11.955,44.99,49.94,57.07,55.99,54.55,,,25.53,15.89
2019-12-08,11.955,29.99,49.94,57.07,55.989999999999995,54.55,,,15.995000000000001,15.89
2019-12-09,11.955,46.24,49.95666666666667,57.07,56.49,54.55,,,23.69,15.89
2019-12-10,11.955,46.49,49.94,57.07,56.49,54.55,220.75,,23.69,15.89
2019-12-11,11.955,46.49,49.94,57.07,57.985,54.55,220.75,,19.99,15.89
2019-12-12,11.955,46.49,49.94,57.07,54.99,54.55,220.75,,22.73,15.89
2019-12-13,11.955,46.49,49.99,57.07,54.99,54.55,220.755,,24.5,15.89
2019-12-14,11.955,46.49,49.99,57.07,54.99,54.55,220.755,,26.833333333333332,15.89
2019-12-15,11.955,46.49,49.99,57.07,54.99,54.55,220.77,,27.900000000000002,15.89
2019-12-16,11.955,46.49,51.465,57.07,57.49,54.55,220.77,,22.045,15.89
2019-12-17,11.955,46.49,51.465,57.07,57.25666666666667,54.55,219.685,,22.045,15.89
2019-12-18,11.955,46.49,51.465,57.07,54.94,54.55,219.685,,22.182000000000006,15.89
2019-12-19,11.955,46.49,49.94,57.07,52.44,54.55,220.29,,21.635555555555563,15.89
2019-12-20,11.955,46.49,49.94,57.07,52.44,54.55,213.575,,22.273333333333333,15.89
2019-12-21,11.955,46.49,49.94,57.07,52.44,61.03,213.6,,24.1,15.89
2019-12-22,11.955,34.99,49.94,57.07,52.44,61.03,213.61,,22.045,15.89
2019-12-23,11.955,34.99,49.94,57.07,52.44,61.03,200.71,,21.99,15.89
2019-12-24,11.955,34.99,49.94,57.07,52.44,61.03,200.71,,24.1,15.89
2019-12-25,11.955,34.99,49.94,57.07,52.44,61.03,200.71,,19.99,15.89
2019-12-26,11.955,34.99,49.94,57.07,52.44,61.03,194.04,,22.044999999999998,15.89
2019-12-27,11.96,34.99,49.94,57.07,52.44,61.03,194.04,,22.33857142857143,15.89
2019-12-28,11.96,34.99,49.94,57.07,52.44,61.03,194.04,,22.33857142857143,15.89
2019-12-29,11.96,34.99,49.94,57.07,52.44,61.03,194.04,,22.3,15.89
2019-12-30,11.96,42.49,49.94,57.07,52.44,61.03,179.64,,22.3,12.99
2019-12-31,11.96,42.49,49.94,57.07,52.44,61.03,179.64,,21.99,12.99
2020-01-01,11.96,42.49,49.94,57.07,52.44,61.03,173.43,,22.045,12.99
2020-01-02,11.96,42.49,49.94,57.07,52.44,61.03,173.43,,22.045,12.99
2020-01-03,11.96,42.49,49.94,57.07,52.44,61.03,173.43,,22.045,12.99
2020-01-04,11.96,42.49,49.94,57.07,52.44,61.03,173.43,,22.045,12.99
2020-01-05,11.96,42.49,49.94,57.07,52.44,61.03,173.43,,14.8,12.99
2020-01-06,11.96,42.49,49.94,57.07,52.44,61.03,212.34,,14.8,12.99
2020-01-07,11.96,42.49,49.94,57.07,52.44,61.03,212.34,,14.8,12.99
2020-01-08,11.96,42.49,49.93,57.07,55.8625,61.03,212.34,,14.8,12.99
2020-01-09,11.96,42.49,49.93,57.07,54.26,61.03,212.29,,14.8,12.99
2020-01-10,11.96,42.49,49.93,57.07,54.26,56.004999999999995,212.29,,14.8,12.99
2020-01-11,11.96,42.49,49.5,58.97,54.26,58.515,212.29,,14.8,12.99
2020-01-12,11.96,42.49,49.5,58.97,54.26,58.515,249.24,,14.8,12.99
2020-01-13,11.96,42.49,49.5,58.97,54.26,58.515,212.28,,14.8,12.99
2020-01-14,11.96,42.49,49.5,58.97,53.95,58.515,212.28,,14.8,12.99
2020-01-15,11.96,42.49,49.5,58.97,54.75,58.515,212.28,,14.8,12.99
2020-01-16,11.96,42.49,49.5,58.97,53.95,56.34,213.53,,14.8,12.99
2020-01-17,11.96,42.49,49.5,58.97,53.765,56.41,213.53,,14.8,12.99
2020-01-18,11.96,42.49,49.5,56.05,53.765,56.41,213.53,,14.8,12.99
2020-01-19,11.96,42.49,49.5,56.05,53.765,56.58,213.53,,14.8,12.99
2020-01-20,11.96,42.49,49.5,56.05,53.765,56.58,213.53,,14.8,12.99
2020-01-21,11.96,42.49,49.5,56.05,53.765,56.87,213.53,,14.8,12.99
2020-01-22,11.96,42.49,49.5,56.05,52.5,56.87,213.53,,14.8,12.99
2020-01-23,11.96,42.49,49.5,56.05,52.5,56.87,213.53,,14.8,12.99
2020-01-24,11.96,42.49,49.5,56.05,55.96,56.87,213.53,,14.8,12.99
2020-01-25,11.96,36.99,49.5,56.05,53.585,55.95,213.53,,14.8,12.99
2020-01-26,11.96,34.99,49.5,56.05,53.585,56.41,213.53,,14.8,12.99
2020-01-27,11.96,36.99,49.99,56.05,56.97,61.02,213.53,,14.8,12.99
2020-01-28,11.96,34.99,49.99,56.05,53.9,56.62,213.53,,22.717272727272732,12.99
2020-01-29,11.96,43.49,49.99,56.05,53.739999999999995,56.62,213.53,,22.490000000000002,12.99
2020-01-30,11.96,43.49,49.99,56.05,53.739999999999995,56.61,213.53,,20.73,12.99
2020-01-31,11.96,38.99,49.99,56.05,53.739999999999995,61.02,213.53,,20.73,12.99
2020-02-01,11.96,38.99,49.99,56.05,53.739999999999995,61.02,213.53,,19.99,12.99
2020-02-02,11.96,38.99,49.23,56.05,53.739999999999995,61.02,213.53,,19.99,12.99
2020-02-03,11.96,38.99,49.23,56.05,53.739999999999995,61.02,213.52,,24.99333333333333,12.99
2020-02-04,11.96,49.87833333333333,49.23,56.05,53.739999999999995,61.02,213.52,,22.46,12.99
2020-02-05,11.96,49.730000000000004,49.23,56.05,53.739999999999995,61.02,213.52,,20.5,12.99
2020-02-06,11.96,49.69,49.23,56.05,53.739999999999995,56.43000000000001,213.52,,20.5,12.99
2020-02-07,11.96,49.629999999999995,49.36,56.05,53.739999999999995,56.43000000000001,213.52,,20.5,12.99
2020-02-08,11.96,49.410000000000004,49.36,56.05,53.739999999999995,56.43000000000001,213.52,,23.91,12.99
2020-02-09,11.96,49.53666666666667,49.36,56.05,53.739999999999995,56.43000000000001,213.52,,25.99,12.99
2020-02-10,11.96,49.51,49.49,56.05,53.739999999999995,56.43000000000001,213.52,,22.9225,12.99
2020-02-11,11.96,41.379999999999995,49.49,56.05,53.739999999999995,56.43000000000001,213.52,,22.9225,12.99
2020-02-12,11.96,44.06,49.23,56.05,49.94,56.43000000000001,213.52,,22.9225,12.99
2020-02-13,11.96,44.02333333333333,49.23,56.05,49.94,56.43000000000001,213.51,,22.9225,12.99
2020-02-14,11.96,44.02333333333333,49.49,56.05,49.94,56.43000000000001,213.51,,22.9225,12.99
2020-02-15,11.96,44.02333333333333,49.31666666666666,56.05,49.94,56.43000000000001,213.51,,22.9225,12.99
2020-02-16,11.96,44.02333333333333,49.31666666666666,56.05,49.94,56.43000000000001,213.51,,22.9225,12.99
2020-02-17,11.96,44.02333333333333,49.49,56.05,49.94,56.43000000000001,213.51,,22.9225,12.99
2020-02-18,11.96,44.02333333333333,49.49,56.05,49.94,56.43000000000001,213.51,,22.9225,12.99
2020-02-19,11.96,39.795,49.49,56.05,49.94,56.43000000000001,213.51,,22.9225,12.99
2020-02-20,11.96,39.795,49.49,56.05,49.94,56.43000000000001,213.51,,22.9225,12.99
2020-02-21,11.96,39.795,49.49,56.05,49.99,56.43000000000001,213.51,,22.9225,12.99
2020-02-22,11.96,35.56,49.36,56.05,49.99,56.43000000000001,213.51,,22.9225,12.99
2020-02-23,11.96,35.56,49.23,56.05,49.99,56.43000000000001,213.51,,22.9225,12.99
2020-02-24,11.96,49.48,49.49,56.05,53.9,53.98,213.51,,22.9225,12.99
2020-02-25,11.96,45.153333333333336,49.49,56.05,49.99,53.98,213.51,,22.9225,12.99
2020-02-26,11.96,48.275,49.49,56.05,49.99,53.98,213.51,,22.9225,12.99
2020-02-27,609.9166666666666,48.105000000000004,49.49,56.05,49.99,53.98,213.51,,22.9225,12.99
2020-02-28,609.9166666666666,45.88,49.49,56.05,49.99,53.98,213.51,,22.9225,12.99
2020-02-29,751.41,48.72,49.49,56.05,49.99,53.98,213.51,,22.9225,12.99
2020-03-01,751.41,45.040000000000006,49.49,56.05,49.99,53.98,213.51,,22.9225,12.99
2020-03-02,751.41,48.080000000000005,49.49,56.05,49.99,53.98,213.51,,22.9225,12.99
2020-03-03,11.99,47.9,49.49,56.05,53.879999999999995,53.98,213.51,,22.9225,12.99
2020-03-04,11.99,47.88,49.49,56.05,53.879999999999995,53.98,213.51,,22.9225,12.99
2020-03-05,11.99,47.835,49.49,56.05,53.879999999999995,53.98,213.51,,22.9225,12.99
2020-03-06,11.99,47.835,49.49,56.05,53.83,53.98,213.51,,22.9225,12.99
2020-03-07,11.99,47.03666666666667,49.49,56.05,53.83,53.98,213.51,,19.99,12.99
2020-03-08,11.99,47.555,49.49,56.05,53.81,53.98,213.51,,14.99,12.99
2020-03-09,11.99,44.49,49.49,56.05,53.81,53.98,213.51,,14.99,12.99
2020-03-10,11.99,44.49,49.49,56.05,51.612500000000004,53.98,213.51,,14.99,12.99
2020-03-11,11.99,44.46,49.49,56.05,53.830000000000005,53.98,213.51,,14.99,12.99
2020-03-12,11.99,30.735,49.49,56.05,53.9,53.98,213.51,,14.99,12.99
2020-03-13,11.99,44.43,49.49,56.05,53.9,53.98,213.51,,14.99,12.99
2020-03-14,11.99,34.99,49.49,56.05,53.9,53.98,213.51,,14.99,12.99
2020-03-15,11.99,34.99,49.49,56.05,53.9,53.98,213.51,,14.99,12.99
2020-03-16,11.99,34.99,51.394999999999996,56.05,53.9,53.98,213.51,,19.99,12.99
2020-03-17,11.99,34.99,49.49,56.05,53.9,53.98,213.51,,19.99,12.99
2020-03-18,11.99,34.99,49.49,56.05,53.9,53.98,213.51,,19.99,12.99
2020-03-19,11.99,44.43,49.49,56.05,53.9,53.98,213.51,,19.99,12.99
2020-03-20,11.99,47.448,49.49,56.05,53.9,53.98,213.51,,19.99,12.99
2020-03-21,11.99,48.67,49.49,56.05,53.9,53.98,213.51,,19.99,12.99
2020-03-22,11.99,48.615,49.49,56.05,53.9,53.98,224.19,,19.99,12.99
2020-03-23,11.99,48.625,53.156666666666666,56.05,53.9,53.98,224.29,,19.99,12.99
2020-03-24,11.99,48.65,53.156666666666666,56.05,53.9,53.98,224.48,,19.99,12.99
2020-03-25,11.99,48.575,49.49,56.05,53.9,53.98,224.08,,19.99,12.99
2020-03-26,11.99,48.4,49.49,56.05,53.9,53.98,223.88000000000002,,19.99,12.99
2020-03-27,11.99,47.83,50.68750000000001,56.05,53.9,53.98,224.45499999999998,,19.99,12.99
2020-03-28,11.99,47.81,49.49,56.05,59.99,53.98,224.45499999999998,,19.99,12.99
2020-03-29,11.99,47.81,49.49,56.05,59.99,53.98,226.07333333333335,,19.99,12.99
2020-03-30,11.99,47.47,49.49,56.05,57.98,53.98,249.6,,19.99,12.99
2020-03-31,11.99,45.25,49.49,56.05,59.989999999999995,53.98,249.64666666666668,,19.99,12.99
2020-04-01,11.99,45.25,49.49,56.05,59.989999999999995,53.98,249.74,,19.99,12.99
2020-04-02,11.99,45.576666666666675,49.49,56.05,59.99,53.98,249.74,,19.99,12.99
2020-04-03,11.99,47.03333333333333,49.49,56.05,59.99,53.98,248.46,,19.99,12.99
2020-04-04,11.99,47.03333333333333,49.49,56.05,59.989999999999995,53.98,248.46,,19.99,12.99
2020-04-05,11.99,47.03333333333333,43.156666666666666,56.05,59.99,53.98,248.46,,19.99,12.99
2020-04-06,11.99,47.03333333333333,39.99,56.05,59.99,53.98,248.46,,19.99,12.99
2020-04-07,11.99,47.03333333333333,39.99,56.05,59.99,53.98,248.46,,19.99,12.99
2020-04-08,11.99,49.99,39.99,56.05,59.27571428571429,53.98,248.46,,19.99,12.99
2020-04-09,11.99,49.99,39.99,56.05,54.99,53.98,248.46,,19.99,12.99
2020-04-10,11.99,49.99,49.49,56.05,54.989999999999995,53.98,248.46,,14.99,12.99
2020-04-11,11.99,49.99,49.49,56.05,54.99,53.98,248.46,,14.99,12.99
2020-04-12,11.99,49.99,49.49,56.05,54.989999999999995,53.98,248.46,,14.99,12.99
2020-04-13,11.99,49.99,49.49,56.05,54.989999999999995,53.98,248.46,,14.99,12.99
2020-04-14,11.99,49.99,49.49,56.05,54.99,53.98,248.46,,14.99,12.99
2020-04-15,11.99,49.99,49.49,56.05,54.99,53.98,248.46,,14.99,12.99
2020-04-16,11.99,49.99,49.49,56.05,54.99,53.98,248.46,,14.99,12.99
2020-04-17,11.99,49.99,49.49,56.05,54.99,53.98,248.46,,14.99,12.99
2020-04-18,11.99,49.99,49.49,56.05,54.99,53.98,248.46,,14.99,12.99
2020-04-19,11.99,49.99,49.49,56.05,54.989999999999995,53.98,248.46,,14.99,12.99
2020-04-20,11.99,49.99,49.49,56.05,54.989999999999995,53.98,248.46,,14.99,12.99
2020-04-21,11.99,49.99,49.49,56.05,54.99,53.98,248.46,,14.99,12.99
2020-04-22,11.99,49.99,49.49,56.05,54.99,53.98,248.46,,14.99,12.99
2020-04-23,11.99,49.99,49.49,56.05,54.99,53.98,248.46,,14.99,12.99
2020-04-24,11.99,49.99,49.49,56.05,54.99,53.98,248.46,,14.99,12.99
2020-04-25,11.99,49.99,49.49,56.05,54.99,53.98,248.46,,14.99,12.99
2020-04-26,11.99,49.99,49.49,56.05,52.465,53.98,248.46,,19.99,12.99
2020-04-27,11.99,49.99,49.49,56.05,49.94,53.98,248.46,,19.99,12.99
2020-04-28,11.99,49.99,49.49,56.05,49.94,53.98,248.46,,19.99,12.99
2020-04-29,11.99,49.99,49.49,56.05,59.99,53.98,248.46,,19.99,12.99
2020-04-30,11.99,49.99,49.49,56.05,59.99,53.98,248.46,,19.99,12.99
2020-05-01,11.99,49.99,49.49,56.05,59.99,53.98,248.46,,19.99,12.99
2020-05-02,11.99,49.99,49.49,56.05,59.99,53.98,248.46,,19.99,12.99
2020-05-03,11.99,49.99,49.49,56.05,59.99,53.98,248.46,,19.99,12.99
2020-05-04,11.99,49.99,49.49,56.05,58.32333333333333,53.98,248.46,,19.99,12.99
2020-05-05,11.99,49.99,49.49,56.05,54.99,53.98,248.46,,19.99,12.99
2020-05-06,11.99,49.99,49.49,56.05,54.99,53.98,248.46,,19.99,12.99
2020-05-07,11.99,49.99,49.49,56.05,54.99,53.98,248.46,,19.99,12.99
2020-05-08,11.99,49.97,49.49,56.05,54.99,53.98,248.46,,19.99,12.99
2020-05-09,11.99,49.99,49.49,56.05,54.99,53.98,248.46,,19.99,12.99
2020-05-10,11.99,49.99,49.49,56.05,54.99,53.98,248.46,,19.99,12.99
2020-05-11,11.99,49.97,49.49,56.05,54.99,53.98,248.46,,19.99,12.99
2020-05-12,11.99,49.980000000000004,49.49,56.05,54.99,53.98,248.46,,19.99,12.99
2020-05-13,11.99,49.980000000000004,49.49,56.05,54.99,53.98,248.46,,19.99,12.99
2020-05-14,11.99,49.980000000000004,49.49,56.05,54.99,53.98,248.46,,19.99,12.99
2020-05-15,11.99,49.980000000000004,49.49,56.05,54.99,53.98,248.46,,19.99,12.99
